-- phpMyAdmin SQL Dump
-- version 5.2.1
-- https://www.phpmyadmin.net/
--
-- Host: localhost
-- Generation Time: Jul 23, 2024 at 06:32 PM
-- Server version: 10.4.32-MariaDB
-- PHP Version: 8.2.12

SET SQL_MODE = "NO_AUTO_VALUE_ON_ZERO";
START TRANSACTION;
SET time_zone = "+00:00";


/*!40101 SET @OLD_CHARACTER_SET_CLIENT=@@CHARACTER_SET_CLIENT */;
/*!40101 SET @OLD_CHARACTER_SET_RESULTS=@@CHARACTER_SET_RESULTS */;
/*!40101 SET @OLD_COLLATION_CONNECTION=@@COLLATION_CONNECTION */;
/*!40101 SET NAMES utf8mb4 */;

--
-- Database: `gbcengagement`
--

-- --------------------------------------------------------

--
-- Table structure for table `admins`
--

CREATE TABLE `admins` (
  `id` bigint(20) UNSIGNED NOT NULL,
  `user_id` varchar(255) NOT NULL,
  `group_id` varchar(255) NOT NULL,
  `created_at` timestamp NULL DEFAULT NULL,
  `updated_at` timestamp NULL DEFAULT NULL
) ENGINE=InnoDB DEFAULT CHARSET=utf8mb4 COLLATE=utf8mb4_unicode_ci;

--
-- Dumping data for table `admins`
--

INSERT INTO `admins` (`id`, `user_id`, `group_id`, `created_at`, `updated_at`) VALUES
(3, '2', '4', '2024-04-22 18:20:36', '2024-04-22 18:20:36'),
(4, '2', '5', '2024-04-22 18:25:34', '2024-04-22 18:25:34'),
(5, '2', '6', '2024-04-22 18:26:12', '2024-04-22 18:26:12'),
(6, '5', '7', '2024-05-28 10:47:31', '2024-05-28 10:47:31'),
(7, '5', '8', '2024-05-28 10:54:16', '2024-05-28 10:54:16'),
(8, '5', '9', '2024-05-28 10:55:40', '2024-05-28 10:55:40'),
(9, '5', '10', '2024-05-28 11:01:47', '2024-05-28 11:01:47'),
(10, '1', '11', '2024-05-28 11:03:09', '2024-05-28 11:03:09'),
(11, '1', '12', '2024-05-28 11:45:04', '2024-05-28 11:45:04'),
(12, '1', '13', '2024-05-28 12:04:40', '2024-05-28 12:04:40'),
(13, '5', '14', '2024-05-30 03:22:26', '2024-05-30 03:22:26'),
(14, '5', '15', '2024-05-30 12:03:15', '2024-05-30 12:03:15'),
(15, '44', '16', '2024-06-02 11:52:51', '2024-06-02 11:52:51');

-- --------------------------------------------------------

--
-- Table structure for table `bookings`
--

CREATE TABLE `bookings` (
  `id` bigint(20) UNSIGNED NOT NULL,
  `user_id` bigint(20) UNSIGNED NOT NULL,
  `event_id` smallint(5) UNSIGNED NOT NULL,
  `token` varchar(255) NOT NULL,
  `created_at` timestamp NULL DEFAULT NULL,
  `updated_at` timestamp NULL DEFAULT NULL
) ENGINE=InnoDB DEFAULT CHARSET=utf8mb4 COLLATE=utf8mb4_unicode_ci;

--
-- Dumping data for table `bookings`
--

INSERT INTO `bookings` (`id`, `user_id`, `event_id`, `token`, `created_at`, `updated_at`) VALUES
(42, 5, 4, 'tina984856', '2024-04-29 17:26:00', '2024-04-29 17:26:00'),
(43, 5, 4, 'tina959654', '2024-04-29 17:26:00', '2024-04-29 17:26:00'),
(44, 5, 4, 'tina772709', '2024-04-29 17:26:00', '2024-04-29 17:26:00'),
(45, 5, 4, 'tina405676', '2024-04-29 17:26:01', '2024-04-29 17:26:01'),
(46, 5, 4, 'tina578455', '2024-04-29 17:26:01', '2024-04-29 17:26:01'),
(47, 5, 4, 'tina126384', '2024-04-29 17:26:01', '2024-04-29 17:26:01'),
(48, 5, 4, 'tina711964', '2024-04-29 17:26:01', '2024-04-29 17:26:01'),
(49, 5, 4, 'tina543229', '2024-04-29 17:26:09', '2024-04-29 17:26:09'),
(50, 5, 4, 'tina387652', '2024-04-29 17:26:09', '2024-04-29 17:26:09'),
(51, 5, 4, 'tina331792', '2024-04-29 17:26:09', '2024-04-29 17:26:09'),
(52, 5, 4, 'tina793166', '2024-04-29 17:26:09', '2024-04-29 17:26:09'),
(53, 5, 4, 'tina961731', '2024-04-29 17:26:22', '2024-04-29 17:26:22'),
(54, 5, 4, 'tina143182', '2024-04-29 17:26:22', '2024-04-29 17:26:22'),
(55, 5, 4, 'tina787283', '2024-04-29 17:26:22', '2024-04-29 17:26:22'),
(56, 5, 4, 'tina737494', '2024-04-29 17:26:23', '2024-04-29 17:26:23'),
(57, 5, 4, 'tina364152', '2024-04-29 17:26:28', '2024-04-29 17:26:28'),
(58, 5, 4, 'tina199564', '2024-04-29 17:26:28', '2024-04-29 17:26:28'),
(59, 5, 4, 'tina271525', '2024-04-29 17:26:29', '2024-04-29 17:26:29'),
(60, 5, 4, 'tina982183', '2024-04-29 17:26:29', '2024-04-29 17:26:29'),
(61, 5, 4, 'tina154709', '2024-04-29 17:26:29', '2024-04-29 17:26:29'),
(62, 5, 4, 'tina897360', '2024-04-29 17:26:29', '2024-04-29 17:26:29'),
(63, 5, 4, 'tina125929', '2024-04-29 17:26:30', '2024-04-29 17:26:30'),
(64, 5, 4, 'tina109778', '2024-04-29 17:26:30', '2024-04-29 17:26:30'),
(65, 5, 4, 'tina322435', '2024-04-29 17:26:30', '2024-04-29 17:26:30'),
(66, 5, 4, 'tina539834', '2024-04-29 17:26:30', '2024-04-29 17:26:30'),
(67, 5, 4, 'tina687301', '2024-04-29 17:26:30', '2024-04-29 17:26:30'),
(68, 5, 4, 'tina604656', '2024-04-29 17:26:31', '2024-04-29 17:26:31'),
(69, 5, 4, 'tina165468', '2024-04-29 17:26:32', '2024-04-29 17:26:32'),
(70, 5, 4, 'tina148275', '2024-04-29 17:26:32', '2024-04-29 17:26:32'),
(71, 5, 4, 'tina564778', '2024-04-29 17:26:32', '2024-04-29 17:26:32'),
(72, 5, 4, 'tina580940', '2024-04-29 17:26:33', '2024-04-29 17:26:33'),
(73, 5, 4, 'tina450221', '2024-04-29 17:32:52', '2024-04-29 17:32:52'),
(74, 5, 4, 'tina957261', '2024-04-29 17:32:53', '2024-04-29 17:32:53'),
(75, 5, 4, 'tina776214', '2024-04-29 17:32:53', '2024-04-29 17:32:53'),
(76, 5, 4, 'tina645479', '2024-04-29 17:32:53', '2024-04-29 17:32:53'),
(77, 5, 4, 'tina114761', '2024-04-29 17:36:04', '2024-04-29 17:36:04'),
(78, 5, 4, 'tina180007', '2024-04-29 17:36:05', '2024-04-29 17:36:05'),
(79, 5, 4, 'tina817544', '2024-04-29 17:36:05', '2024-04-29 17:36:05'),
(80, 5, 4, 'tina788417', '2024-04-29 17:36:05', '2024-04-29 17:36:05'),
(81, 5, 4, 'tina635871', '2024-04-29 17:36:17', '2024-04-29 17:36:17'),
(82, 5, 4, 'tina699615', '2024-04-29 17:36:17', '2024-04-29 17:36:17'),
(83, 5, 4, 'tina433270', '2024-04-29 17:36:17', '2024-04-29 17:36:17'),
(84, 5, 4, 'tina936514', '2024-04-29 17:36:17', '2024-04-29 17:36:17'),
(85, 5, 4, 'tina619723', '2024-04-29 17:41:19', '2024-04-29 17:41:19'),
(86, 5, 4, 'tina300982', '2024-04-29 17:41:19', '2024-04-29 17:41:19'),
(87, 5, 4, 'tina691587', '2024-04-29 17:41:19', '2024-04-29 17:41:19'),
(88, 5, 4, 'tina484408', '2024-04-29 17:41:19', '2024-04-29 17:41:19'),
(89, 5, 1, 'tina400403', '2024-04-29 17:41:41', '2024-04-29 17:41:41'),
(90, 5, 1, 'tina244469', '2024-04-29 17:41:42', '2024-04-29 17:41:42'),
(91, 5, 1, 'tina991550', '2024-04-29 17:41:42', '2024-04-29 17:41:42'),
(92, 5, 1, 'tina717967', '2024-04-29 17:41:42', '2024-04-29 17:41:42'),
(93, 5, 3, 'tina717052', '2024-04-29 17:44:33', '2024-04-29 17:44:33'),
(94, 5, 3, 'tina853739', '2024-04-29 17:44:33', '2024-04-29 17:44:33'),
(95, 5, 3, 'tina200726', '2024-04-29 17:44:33', '2024-04-29 17:44:33'),
(96, 5, 3, 'tina164302', '2024-04-29 17:44:33', '2024-04-29 17:44:33'),
(97, 5, 3, 'tina862525', '2024-04-29 17:44:34', '2024-04-29 17:44:34'),
(98, 5, 3, 'tina244060', '2024-04-29 17:44:34', '2024-04-29 17:44:34'),
(99, 5, 3, 'tina109725', '2024-04-29 17:44:34', '2024-04-29 17:44:34'),
(100, 5, 3, 'tina456162', '2024-04-29 17:44:34', '2024-04-29 17:44:34'),
(101, 5, 3, 'tina660359', '2024-04-29 17:44:35', '2024-04-29 17:44:35'),
(102, 5, 3, 'tina290600', '2024-04-29 17:44:35', '2024-04-29 17:44:35'),
(103, 5, 3, 'tina968098', '2024-04-29 17:44:36', '2024-04-29 17:44:36'),
(104, 5, 3, 'tina983232', '2024-04-29 17:44:36', '2024-04-29 17:44:36'),
(105, 5, 3, 'tina727658', '2024-04-29 17:44:41', '2024-04-29 17:44:41'),
(106, 5, 3, 'tina828298', '2024-04-29 17:44:41', '2024-04-29 17:44:41'),
(107, 5, 3, 'tina995390', '2024-04-29 17:44:42', '2024-04-29 17:44:42'),
(108, 5, 3, 'tina362213', '2024-04-29 17:44:42', '2024-04-29 17:44:42'),
(109, 5, 1, 'tina348433', '2024-04-29 17:57:51', '2024-04-29 17:57:51'),
(110, 5, 1, 'tina220822', '2024-04-29 17:57:51', '2024-04-29 17:57:51'),
(111, 5, 1, 'tina513957', '2024-04-29 17:57:51', '2024-04-29 17:57:51'),
(112, 5, 1, 'tina232221', '2024-04-29 17:57:51', '2024-04-29 17:57:51'),
(113, 5, 1, 'tina707791', '2024-04-29 17:58:51', '2024-04-29 17:58:51'),
(114, 5, 1, 'tina984787', '2024-04-29 17:58:51', '2024-04-29 17:58:51'),
(115, 5, 1, 'tina277819', '2024-04-29 17:58:51', '2024-04-29 17:58:51'),
(116, 5, 1, 'tina103975', '2024-04-29 17:58:51', '2024-04-29 17:58:51'),
(117, 5, 2, 'tina187594', '2024-04-29 17:59:05', '2024-04-29 17:59:05'),
(118, 5, 2, 'tina334247', '2024-04-29 17:59:05', '2024-04-29 17:59:05'),
(119, 5, 2, 'tina795992', '2024-04-29 17:59:05', '2024-04-29 17:59:05'),
(120, 5, 2, 'tina506991', '2024-04-29 17:59:06', '2024-04-29 17:59:06'),
(121, 5, 2, 'tina971734', '2024-04-29 17:59:29', '2024-04-29 17:59:29'),
(122, 5, 2, 'tina395249', '2024-04-29 17:59:29', '2024-04-29 17:59:29'),
(123, 5, 2, 'tina144608', '2024-04-29 17:59:30', '2024-04-29 17:59:30'),
(124, 5, 2, 'tina847246', '2024-04-29 17:59:30', '2024-04-29 17:59:30'),
(125, 5, 2, 'tina771396', '2024-04-29 17:59:35', '2024-04-29 17:59:35'),
(126, 5, 2, 'tina769431', '2024-04-29 17:59:35', '2024-04-29 17:59:35'),
(127, 5, 2, 'tina170560', '2024-04-29 17:59:36', '2024-04-29 17:59:36'),
(128, 5, 2, 'tina757924', '2024-04-29 17:59:36', '2024-04-29 17:59:36'),
(129, 5, 2, 'tina371371', '2024-04-29 17:59:45', '2024-04-29 17:59:45'),
(130, 5, 2, 'tina201378', '2024-04-29 17:59:45', '2024-04-29 17:59:45'),
(131, 5, 2, 'tina305791', '2024-04-29 17:59:46', '2024-04-29 17:59:46'),
(132, 5, 2, 'tina697627', '2024-04-29 17:59:46', '2024-04-29 17:59:46'),
(133, 5, 3, 'tina285437', '2024-04-29 17:59:56', '2024-04-29 17:59:56'),
(134, 5, 3, 'tina597948', '2024-04-29 17:59:56', '2024-04-29 17:59:56'),
(135, 5, 3, 'tina759439', '2024-04-29 17:59:56', '2024-04-29 17:59:56'),
(136, 5, 3, 'tina235607', '2024-04-29 17:59:57', '2024-04-29 17:59:57'),
(137, 5, 3, 'tina290224', '2024-04-29 18:00:25', '2024-04-29 18:00:25'),
(138, 5, 3, 'tina229514', '2024-04-29 18:00:25', '2024-04-29 18:00:25'),
(139, 5, 3, 'tina492493', '2024-04-29 18:00:25', '2024-04-29 18:00:25'),
(140, 5, 3, 'tina165040', '2024-04-29 18:00:26', '2024-04-29 18:00:26'),
(141, 5, 3, 'tina723503', '2024-04-29 18:00:36', '2024-04-29 18:00:36'),
(142, 5, 3, 'tina477561', '2024-04-29 18:00:37', '2024-04-29 18:00:37'),
(143, 5, 3, 'tina499087', '2024-04-29 18:00:37', '2024-04-29 18:00:37'),
(144, 5, 3, 'tina308069', '2024-04-29 18:00:37', '2024-04-29 18:00:37'),
(145, 5, 1, 'tina157026', '2024-04-29 18:00:50', '2024-04-29 18:00:50'),
(146, 5, 1, 'tina873994', '2024-04-29 18:00:50', '2024-04-29 18:00:50'),
(147, 5, 1, 'tina427939', '2024-04-29 18:00:50', '2024-04-29 18:00:50'),
(148, 5, 1, 'tina760637', '2024-04-29 18:00:50', '2024-04-29 18:00:50'),
(149, 5, 1, 'tina629483', '2024-04-29 18:01:06', '2024-04-29 18:01:06'),
(150, 5, 1, 'tina259410', '2024-04-29 18:01:06', '2024-04-29 18:01:06'),
(151, 5, 1, 'tina795233', '2024-04-29 18:01:07', '2024-04-29 18:01:07'),
(152, 5, 1, 'tina795529', '2024-04-29 18:01:07', '2024-04-29 18:01:07'),
(153, 5, 1, 'tina439553', '2024-04-29 18:01:15', '2024-04-29 18:01:15'),
(154, 5, 1, 'tina379256', '2024-04-29 18:01:15', '2024-04-29 18:01:15'),
(155, 5, 1, 'tina966409', '2024-04-29 18:01:15', '2024-04-29 18:01:15'),
(156, 5, 1, 'tina262906', '2024-04-29 18:01:16', '2024-04-29 18:01:16'),
(157, 5, 1, 'tina961007', '2024-04-29 18:01:19', '2024-04-29 18:01:19'),
(158, 5, 1, 'tina170643', '2024-04-29 18:01:19', '2024-04-29 18:01:19'),
(159, 5, 1, 'tina169492', '2024-04-29 18:01:20', '2024-04-29 18:01:20'),
(160, 5, 1, 'tina680097', '2024-04-29 18:01:20', '2024-04-29 18:01:20'),
(161, 5, 1, 'tina187170', '2024-04-29 18:01:23', '2024-04-29 18:01:23'),
(162, 5, 1, 'tina271899', '2024-04-29 18:01:23', '2024-04-29 18:01:23'),
(163, 5, 1, 'tina701977', '2024-04-29 18:01:24', '2024-04-29 18:01:24'),
(164, 5, 1, 'tina736945', '2024-04-29 18:01:24', '2024-04-29 18:01:24'),
(165, 5, 1, 'tina776698', '2024-04-29 18:01:28', '2024-04-29 18:01:28'),
(166, 5, 1, 'tina124851', '2024-04-29 18:01:29', '2024-04-29 18:01:29'),
(167, 5, 1, 'tina682182', '2024-04-29 18:01:29', '2024-04-29 18:01:29'),
(168, 5, 1, 'tina891724', '2024-04-29 18:01:29', '2024-04-29 18:01:29'),
(169, 5, 1, 'tina614199', '2024-04-29 18:01:31', '2024-04-29 18:01:31'),
(170, 5, 1, 'tina334487', '2024-04-29 18:01:31', '2024-04-29 18:01:31'),
(171, 5, 1, 'tina379265', '2024-04-29 18:01:32', '2024-04-29 18:01:32'),
(172, 5, 1, 'tina479952', '2024-04-29 18:01:32', '2024-04-29 18:01:32'),
(173, 5, 1, 'tina207220', '2024-04-29 18:02:09', '2024-04-29 18:02:09'),
(174, 5, 1, 'tina171154', '2024-04-29 18:02:09', '2024-04-29 18:02:09'),
(175, 5, 1, 'tina966789', '2024-04-29 18:02:09', '2024-04-29 18:02:09'),
(176, 5, 1, 'tina685648', '2024-04-29 18:02:10', '2024-04-29 18:02:10'),
(177, 5, 1, 'tina286459', '2024-04-29 18:02:33', '2024-04-29 18:02:33'),
(178, 5, 1, 'tina392140', '2024-04-29 18:02:34', '2024-04-29 18:02:34'),
(179, 5, 1, 'tina357394', '2024-04-29 18:02:34', '2024-04-29 18:02:34'),
(180, 5, 1, 'tina877218', '2024-04-29 18:02:34', '2024-04-29 18:02:34'),
(181, 5, 4, 'tina421869', '2024-04-29 18:02:43', '2024-04-29 18:02:43'),
(182, 5, 4, 'tina457846', '2024-04-29 18:02:43', '2024-04-29 18:02:43'),
(183, 5, 4, 'tina916712', '2024-04-29 18:02:43', '2024-04-29 18:02:43'),
(184, 5, 4, 'tina315170', '2024-04-29 18:02:43', '2024-04-29 18:02:43'),
(185, 5, 2, 'tina674176', '2024-04-29 18:02:50', '2024-04-29 18:02:50'),
(186, 5, 2, 'tina444304', '2024-04-29 18:02:50', '2024-04-29 18:02:50'),
(187, 5, 2, 'tina493072', '2024-04-29 18:02:50', '2024-04-29 18:02:50'),
(188, 5, 2, 'tina760982', '2024-04-29 18:02:51', '2024-04-29 18:02:51'),
(189, 5, 4, 'tina395938', '2024-04-29 18:03:32', '2024-04-29 18:03:32'),
(190, 5, 4, 'tina145870', '2024-04-29 18:03:33', '2024-04-29 18:03:33'),
(191, 5, 4, 'tina382562', '2024-04-29 18:03:33', '2024-04-29 18:03:33'),
(192, 5, 4, 'tina251289', '2024-04-29 18:03:33', '2024-04-29 18:03:33'),
(193, 5, 1, 'tina900588', '2024-04-29 18:03:54', '2024-04-29 18:03:54'),
(194, 5, 1, 'tina440006', '2024-04-29 18:03:54', '2024-04-29 18:03:54'),
(195, 5, 1, 'tina150992', '2024-04-29 18:03:54', '2024-04-29 18:03:54'),
(196, 5, 1, 'tina818565', '2024-04-29 18:03:54', '2024-04-29 18:03:54'),
(197, 5, 1, 'tina908108', '2024-04-29 18:04:45', '2024-04-29 18:04:45'),
(198, 5, 1, 'tina105526', '2024-04-29 18:04:45', '2024-04-29 18:04:45'),
(199, 5, 1, 'tina476324', '2024-04-29 18:04:46', '2024-04-29 18:04:46'),
(200, 5, 1, 'tina576002', '2024-04-29 18:04:46', '2024-04-29 18:04:46'),
(201, 5, 1, 'tina568488', '2024-04-29 18:04:50', '2024-04-29 18:04:50'),
(202, 5, 1, 'tina240525', '2024-04-29 18:04:50', '2024-04-29 18:04:50'),
(203, 5, 1, 'tina304280', '2024-04-29 18:04:51', '2024-04-29 18:04:51'),
(204, 5, 1, 'tina693461', '2024-04-29 18:04:51', '2024-04-29 18:04:51'),
(205, 5, 1, 'tina297803', '2024-04-29 18:04:58', '2024-04-29 18:04:58'),
(206, 5, 1, 'tina628809', '2024-04-29 18:04:58', '2024-04-29 18:04:58'),
(207, 5, 1, 'tina200598', '2024-04-29 18:04:58', '2024-04-29 18:04:58'),
(208, 5, 1, 'tina684731', '2024-04-29 18:04:59', '2024-04-29 18:04:59'),
(209, 5, 2, 'tina864443', '2024-04-29 18:05:07', '2024-04-29 18:05:07'),
(210, 5, 2, 'tina942053', '2024-04-29 18:05:07', '2024-04-29 18:05:07'),
(211, 5, 2, 'tina729013', '2024-04-29 18:05:07', '2024-04-29 18:05:07'),
(212, 5, 2, 'tina651686', '2024-04-29 18:05:07', '2024-04-29 18:05:07'),
(213, 5, 2, 'tina725303', '2024-04-29 18:05:27', '2024-04-29 18:05:27'),
(214, 5, 2, 'tina529234', '2024-04-29 18:05:28', '2024-04-29 18:05:28'),
(215, 5, 2, 'tina158068', '2024-04-29 18:05:28', '2024-04-29 18:05:28'),
(216, 5, 2, 'tina565713', '2024-04-29 18:05:28', '2024-04-29 18:05:28'),
(217, 5, 2, 'tina131626', '2024-04-29 18:05:37', '2024-04-29 18:05:37'),
(218, 5, 2, 'tina287075', '2024-04-29 18:05:37', '2024-04-29 18:05:37'),
(219, 5, 2, 'tina885732', '2024-04-29 18:05:37', '2024-04-29 18:05:37'),
(220, 5, 2, 'tina336723', '2024-04-29 18:05:38', '2024-04-29 18:05:38'),
(221, 5, 2, 'tina208432', '2024-04-29 18:05:40', '2024-04-29 18:05:40'),
(222, 5, 2, 'tina883339', '2024-04-29 18:05:40', '2024-04-29 18:05:40'),
(223, 5, 2, 'tina504581', '2024-04-29 18:05:41', '2024-04-29 18:05:41'),
(224, 5, 2, 'tina792381', '2024-04-29 18:05:41', '2024-04-29 18:05:41'),
(225, 5, 2, 'tina792945', '2024-04-29 18:05:43', '2024-04-29 18:05:43'),
(226, 5, 2, 'tina423392', '2024-04-29 18:05:43', '2024-04-29 18:05:43'),
(227, 5, 2, 'tina823743', '2024-04-29 18:05:43', '2024-04-29 18:05:43'),
(228, 5, 2, 'tina397018', '2024-04-29 18:05:43', '2024-04-29 18:05:43'),
(229, 5, 2, 'tina505938', '2024-04-29 18:05:44', '2024-04-29 18:05:44'),
(230, 5, 2, 'tina253905', '2024-04-29 18:05:44', '2024-04-29 18:05:44'),
(231, 5, 2, 'tina994067', '2024-04-29 18:05:44', '2024-04-29 18:05:44'),
(232, 5, 2, 'tina285651', '2024-04-29 18:05:44', '2024-04-29 18:05:44'),
(233, 5, 1, 'tina996211', '2024-04-29 18:05:49', '2024-04-29 18:05:49'),
(234, 5, 1, 'tina340671', '2024-04-29 18:05:49', '2024-04-29 18:05:49'),
(235, 5, 1, 'tina740305', '2024-04-29 18:05:50', '2024-04-29 18:05:50'),
(236, 5, 1, 'tina964287', '2024-04-29 18:05:50', '2024-04-29 18:05:50'),
(237, 5, 4, 'tina306574', '2024-04-29 18:06:06', '2024-04-29 18:06:06'),
(238, 5, 4, 'tina917668', '2024-04-29 18:06:06', '2024-04-29 18:06:06'),
(239, 5, 4, 'tina461584', '2024-04-29 18:06:06', '2024-04-29 18:06:06'),
(240, 5, 4, 'tina409396', '2024-04-29 18:06:06', '2024-04-29 18:06:06'),
(241, 5, 4, 'tina217769', '2024-04-29 18:07:53', '2024-04-29 18:07:53'),
(242, 5, 4, 'tina924000', '2024-04-29 18:07:53', '2024-04-29 18:07:53'),
(243, 5, 4, 'tina761979', '2024-04-29 18:07:53', '2024-04-29 18:07:53'),
(244, 5, 4, 'tina911367', '2024-04-29 18:07:54', '2024-04-29 18:07:54'),
(245, 5, 4, 'tina222160', '2024-04-29 18:08:04', '2024-04-29 18:08:04'),
(246, 5, 4, 'tina953908', '2024-04-29 18:08:05', '2024-04-29 18:08:05'),
(247, 5, 4, 'tina239963', '2024-04-29 18:08:05', '2024-04-29 18:08:05'),
(248, 5, 4, 'tina678383', '2024-04-29 18:08:05', '2024-04-29 18:08:05'),
(249, 5, 1, 'tina691638', '2024-04-29 18:08:15', '2024-04-29 18:08:15'),
(250, 5, 1, 'tina121232', '2024-04-29 18:08:16', '2024-04-29 18:08:16'),
(251, 5, 1, 'tina565981', '2024-04-29 18:08:16', '2024-04-29 18:08:16'),
(252, 5, 1, 'tina609919', '2024-04-29 18:08:16', '2024-04-29 18:08:16'),
(253, 5, 1, 'tina670797', '2024-04-29 18:10:40', '2024-04-29 18:10:40'),
(254, 5, 1, 'tina890611', '2024-04-29 18:10:40', '2024-04-29 18:10:40'),
(255, 5, 1, 'tina869961', '2024-04-29 18:10:40', '2024-04-29 18:10:40'),
(256, 5, 1, 'tina400286', '2024-04-29 18:10:40', '2024-04-29 18:10:40'),
(257, 5, 1, 'tina969695', '2024-04-29 18:10:53', '2024-04-29 18:10:53'),
(258, 5, 1, 'tina161365', '2024-04-29 18:10:53', '2024-04-29 18:10:53'),
(259, 5, 1, 'tina218160', '2024-04-29 18:10:54', '2024-04-29 18:10:54'),
(260, 5, 1, 'tina622900', '2024-04-29 18:10:54', '2024-04-29 18:10:54'),
(261, 5, 1, 'tina447988', '2024-04-29 18:11:11', '2024-04-29 18:11:11'),
(262, 5, 1, 'tina510176', '2024-04-29 18:11:11', '2024-04-29 18:11:11'),
(263, 5, 1, 'tina946031', '2024-04-29 18:11:12', '2024-04-29 18:11:12'),
(264, 5, 1, 'tina110730', '2024-04-29 18:11:12', '2024-04-29 18:11:12'),
(265, 5, 1, 'tina648645', '2024-04-29 18:11:32', '2024-04-29 18:11:32'),
(266, 5, 1, 'tina867173', '2024-04-29 18:11:32', '2024-04-29 18:11:32'),
(267, 5, 1, 'tina614237', '2024-04-29 18:11:33', '2024-04-29 18:11:33'),
(268, 5, 1, 'tina641121', '2024-04-29 18:11:33', '2024-04-29 18:11:33'),
(269, 5, 1, 'tina185586', '2024-04-29 18:11:39', '2024-04-29 18:11:39'),
(270, 5, 1, 'tina986471', '2024-04-29 18:11:39', '2024-04-29 18:11:39'),
(271, 5, 1, 'tina560838', '2024-04-29 18:11:39', '2024-04-29 18:11:39'),
(272, 5, 1, 'tina553390', '2024-04-29 18:11:39', '2024-04-29 18:11:39'),
(273, 5, 1, 'tina125655', '2024-04-29 18:11:39', '2024-04-29 18:11:39'),
(274, 5, 1, 'tina141591', '2024-04-29 18:11:39', '2024-04-29 18:11:39'),
(275, 5, 1, 'tina806531', '2024-04-29 18:11:40', '2024-04-29 18:11:40'),
(276, 5, 1, 'tina554633', '2024-04-29 18:11:40', '2024-04-29 18:11:40'),
(277, 5, 1, 'tina300275', '2024-04-29 18:11:46', '2024-04-29 18:11:46'),
(278, 5, 1, 'tina607901', '2024-04-29 18:11:46', '2024-04-29 18:11:46'),
(279, 5, 1, 'tina841625', '2024-04-29 18:11:46', '2024-04-29 18:11:46'),
(280, 5, 1, 'tina833397', '2024-04-29 18:11:46', '2024-04-29 18:11:46'),
(281, 5, 1, 'tina315667', '2024-04-29 18:12:05', '2024-04-29 18:12:05'),
(282, 5, 1, 'tina521119', '2024-04-29 18:12:05', '2024-04-29 18:12:05'),
(283, 5, 1, 'tina619274', '2024-04-29 18:12:05', '2024-04-29 18:12:05'),
(284, 5, 1, 'tina229362', '2024-04-29 18:12:05', '2024-04-29 18:12:05'),
(285, 5, 1, 'tina910093', '2024-04-29 18:12:28', '2024-04-29 18:12:28'),
(286, 5, 1, 'tina720728', '2024-04-29 18:12:28', '2024-04-29 18:12:28'),
(287, 5, 1, 'tina445463', '2024-04-29 18:12:29', '2024-04-29 18:12:29'),
(288, 5, 1, 'tina678504', '2024-04-29 18:12:29', '2024-04-29 18:12:29'),
(289, 5, 1, 'tina224445', '2024-04-29 18:12:32', '2024-04-29 18:12:32'),
(290, 5, 1, 'tina253017', '2024-04-29 18:12:32', '2024-04-29 18:12:32'),
(291, 5, 1, 'tina741275', '2024-04-29 18:12:32', '2024-04-29 18:12:32'),
(292, 5, 1, 'tina609689', '2024-04-29 18:12:32', '2024-04-29 18:12:32'),
(293, 5, 1, 'tina466873', '2024-04-29 18:12:36', '2024-04-29 18:12:36'),
(294, 5, 1, 'tina832309', '2024-04-29 18:12:36', '2024-04-29 18:12:36'),
(295, 5, 1, 'tina662451', '2024-04-29 18:12:37', '2024-04-29 18:12:37'),
(296, 5, 1, 'tina654380', '2024-04-29 18:12:37', '2024-04-29 18:12:37'),
(297, 5, 1, 'tina861850', '2024-04-29 18:12:44', '2024-04-29 18:12:44'),
(298, 5, 1, 'tina780482', '2024-04-29 18:12:44', '2024-04-29 18:12:44'),
(299, 5, 1, 'tina950645', '2024-04-29 18:12:44', '2024-04-29 18:12:44'),
(300, 5, 1, 'tina964456', '2024-04-29 18:12:44', '2024-04-29 18:12:44'),
(301, 5, 1, 'tina142268', '2024-04-29 18:12:47', '2024-04-29 18:12:47'),
(302, 5, 1, 'tina714453', '2024-04-29 18:12:47', '2024-04-29 18:12:47'),
(303, 5, 1, 'tina768466', '2024-04-29 18:12:47', '2024-04-29 18:12:47'),
(304, 5, 1, 'tina134953', '2024-04-29 18:12:47', '2024-04-29 18:12:47'),
(305, 5, 1, 'tina953342', '2024-04-29 18:13:02', '2024-04-29 18:13:02'),
(306, 5, 1, 'tina315893', '2024-04-29 18:13:02', '2024-04-29 18:13:02'),
(307, 5, 1, 'tina783765', '2024-04-29 18:13:03', '2024-04-29 18:13:03'),
(308, 5, 1, 'tina197324', '2024-04-29 18:13:03', '2024-04-29 18:13:03'),
(309, 5, 1, 'tina616244', '2024-04-29 18:13:20', '2024-04-29 18:13:20'),
(310, 5, 1, 'tina484967', '2024-04-29 18:13:20', '2024-04-29 18:13:20'),
(311, 5, 1, 'tina483037', '2024-04-29 18:13:20', '2024-04-29 18:13:20'),
(312, 5, 1, 'tina878806', '2024-04-29 18:13:20', '2024-04-29 18:13:20'),
(313, 5, 1, 'tina889256', '2024-04-29 18:13:20', '2024-04-29 18:13:20'),
(314, 5, 1, 'tina991874', '2024-04-29 18:13:21', '2024-04-29 18:13:21'),
(315, 5, 1, 'tina243445', '2024-04-29 18:13:21', '2024-04-29 18:13:21'),
(316, 5, 1, 'tina487971', '2024-04-29 18:13:21', '2024-04-29 18:13:21'),
(317, 5, 1, 'tina700423', '2024-04-29 18:13:22', '2024-04-29 18:13:22'),
(318, 5, 1, 'tina137284', '2024-04-29 18:13:22', '2024-04-29 18:13:22'),
(319, 5, 1, 'tina832951', '2024-04-29 18:13:23', '2024-04-29 18:13:23'),
(320, 5, 1, 'tina309504', '2024-04-29 18:13:23', '2024-04-29 18:13:23'),
(321, 5, 1, 'tina238726', '2024-04-29 18:13:29', '2024-04-29 18:13:29'),
(322, 5, 1, 'tina905286', '2024-04-29 18:13:29', '2024-04-29 18:13:29'),
(323, 5, 1, 'tina691617', '2024-04-29 18:13:29', '2024-04-29 18:13:29'),
(324, 5, 1, 'tina938506', '2024-04-29 18:13:29', '2024-04-29 18:13:29'),
(325, 5, 1, 'tina830072', '2024-04-29 18:18:37', '2024-04-29 18:18:37'),
(326, 5, 1, 'tina212575', '2024-04-29 18:18:37', '2024-04-29 18:18:37'),
(327, 5, 1, 'tina815244', '2024-04-29 18:18:37', '2024-04-29 18:18:37'),
(328, 5, 1, 'tina501101', '2024-04-29 18:18:38', '2024-04-29 18:18:38'),
(329, 5, 1, 'tina669166', '2024-04-29 18:19:15', '2024-04-29 18:19:15'),
(330, 5, 1, 'tina736397', '2024-04-29 18:19:15', '2024-04-29 18:19:15'),
(331, 5, 1, 'tina436833', '2024-04-29 18:19:15', '2024-04-29 18:19:15'),
(332, 5, 1, 'tina774538', '2024-04-29 18:19:16', '2024-04-29 18:19:16'),
(333, 5, 1, 'tina279430', '2024-04-29 18:19:16', '2024-04-29 18:19:16'),
(334, 5, 1, 'tina475342', '2024-04-29 18:19:16', '2024-04-29 18:19:16'),
(335, 5, 1, 'tina601529', '2024-04-29 18:19:16', '2024-04-29 18:19:16'),
(336, 5, 1, 'tina397204', '2024-04-29 18:19:17', '2024-04-29 18:19:17'),
(337, 5, 1, 'tina573394', '2024-04-29 18:19:29', '2024-04-29 18:19:29'),
(338, 5, 1, 'tina569764', '2024-04-29 18:19:29', '2024-04-29 18:19:29'),
(339, 5, 1, 'tina780667', '2024-04-29 18:19:29', '2024-04-29 18:19:29'),
(340, 5, 1, 'tina589918', '2024-04-29 18:19:29', '2024-04-29 18:19:29'),
(341, 5, 1, 'tina767752', '2024-04-29 18:19:35', '2024-04-29 18:19:35'),
(342, 5, 1, 'tina556388', '2024-04-29 18:19:35', '2024-04-29 18:19:35'),
(343, 5, 1, 'tina418777', '2024-04-29 18:19:36', '2024-04-29 18:19:36'),
(344, 5, 1, 'tina789229', '2024-04-29 18:19:36', '2024-04-29 18:19:36'),
(345, 5, 1, 'tina288144', '2024-04-29 18:19:36', '2024-04-29 18:19:36'),
(346, 5, 1, 'tina288690', '2024-04-29 18:19:36', '2024-04-29 18:19:36'),
(347, 5, 1, 'tina811321', '2024-04-29 18:19:36', '2024-04-29 18:19:36'),
(348, 5, 1, 'tina743940', '2024-04-29 18:19:37', '2024-04-29 18:19:37'),
(349, 5, 1, 'tina368589', '2024-04-29 18:19:40', '2024-04-29 18:19:40'),
(350, 5, 2, 'tina904232', '2024-04-29 18:21:01', '2024-04-29 18:21:01'),
(351, 5, 2, 'tina199450', '2024-04-29 18:21:01', '2024-04-29 18:21:01'),
(352, 5, 2, 'tina529243', '2024-04-29 18:21:01', '2024-04-29 18:21:01'),
(353, 5, 2, 'tina336146', '2024-04-29 18:21:02', '2024-04-29 18:21:02'),
(354, 5, 4, 'tina855644', '2024-04-30 13:55:48', '2024-04-30 13:55:48'),
(355, 5, 4, 'tina560183', '2024-04-30 13:55:48', '2024-04-30 13:55:48'),
(356, 5, 4, 'tina948694', '2024-04-30 13:55:49', '2024-04-30 13:55:49'),
(357, 5, 4, 'tina281240', '2024-04-30 13:55:49', '2024-04-30 13:55:49'),
(358, 5, 1, 'tina855577', '2024-05-14 10:26:25', '2024-05-14 10:26:25'),
(359, 5, 1, 'tina523147', '2024-05-14 10:26:26', '2024-05-14 10:26:26'),
(360, 5, 1, 'tina974242', '2024-05-14 10:26:26', '2024-05-14 10:26:26'),
(361, 5, 1, 'tina615322', '2024-05-14 10:26:26', '2024-05-14 10:26:26'),
(362, 5, 1, 'tina761861', '2024-05-14 10:27:27', '2024-05-14 10:27:27'),
(363, 5, 1, 'tina397075', '2024-05-14 10:27:28', '2024-05-14 10:27:28'),
(364, 5, 1, 'tina827759', '2024-05-14 10:27:28', '2024-05-14 10:27:28'),
(365, 5, 1, 'tina735881', '2024-05-14 10:27:28', '2024-05-14 10:27:28'),
(366, 5, 2, 'tina303102', '2024-05-24 02:34:56', '2024-05-24 02:34:56'),
(367, 5, 2, 'tina529199', '2024-05-24 02:34:56', '2024-05-24 02:34:56'),
(368, 5, 2, 'tina507585', '2024-05-24 02:34:56', '2024-05-24 02:34:56'),
(369, 5, 2, 'tina647661', '2024-05-24 02:34:56', '2024-05-24 02:34:56'),
(370, 5, 1, 'tina826073', '2024-05-24 02:35:04', '2024-05-24 02:35:04'),
(371, 5, 1, 'tina712804', '2024-05-24 02:35:04', '2024-05-24 02:35:04'),
(372, 5, 1, 'tina787991', '2024-05-24 02:35:04', '2024-05-24 02:35:04'),
(373, 5, 1, 'tina823291', '2024-05-24 02:35:04', '2024-05-24 02:35:04'),
(374, 5, 4, 'tina599822', '2024-05-24 02:36:10', '2024-05-24 02:36:10'),
(375, 5, 4, 'tina141761', '2024-05-24 02:36:10', '2024-05-24 02:36:10'),
(376, 5, 4, 'tina260200', '2024-05-24 02:36:10', '2024-05-24 02:36:10'),
(377, 5, 4, 'tina489291', '2024-05-24 02:36:10', '2024-05-24 02:36:10'),
(378, 5, 4, 'tina990328', '2024-05-24 02:41:52', '2024-05-24 02:41:52'),
(379, 5, 4, 'tina942372', '2024-05-24 02:41:52', '2024-05-24 02:41:52'),
(380, 5, 4, 'tina268447', '2024-05-24 02:41:53', '2024-05-24 02:41:53'),
(381, 5, 4, 'tina591270', '2024-05-24 02:41:53', '2024-05-24 02:41:53'),
(382, 5, 4, 'tina808462', '2024-05-24 02:42:02', '2024-05-24 02:42:02'),
(383, 5, 4, 'tina366089', '2024-05-24 02:42:02', '2024-05-24 02:42:02'),
(384, 5, 4, 'tina320441', '2024-05-24 02:42:02', '2024-05-24 02:42:02'),
(385, 5, 4, 'tina647288', '2024-05-24 02:42:02', '2024-05-24 02:42:02'),
(386, 5, 4, 'tina675063', '2024-05-24 02:42:05', '2024-05-24 02:42:05'),
(387, 5, 4, 'tina144667', '2024-05-24 02:42:05', '2024-05-24 02:42:05'),
(388, 5, 4, 'tina330122', '2024-05-24 02:42:05', '2024-05-24 02:42:05'),
(389, 5, 4, 'tina160021', '2024-05-24 02:42:05', '2024-05-24 02:42:05'),
(390, 5, 4, 'tina604270', '2024-05-24 02:46:38', '2024-05-24 02:46:38'),
(391, 5, 4, 'tina991908', '2024-05-24 02:46:38', '2024-05-24 02:46:38'),
(392, 5, 4, 'tina807796', '2024-05-24 02:46:38', '2024-05-24 02:46:38'),
(393, 5, 4, 'tina731131', '2024-05-24 02:46:38', '2024-05-24 02:46:38'),
(394, 5, 4, 'tina931938', '2024-05-24 02:46:52', '2024-05-24 02:46:52'),
(395, 5, 4, 'tina335723', '2024-05-24 02:46:52', '2024-05-24 02:46:52'),
(396, 5, 4, 'tina431036', '2024-05-24 02:46:52', '2024-05-24 02:46:52'),
(397, 5, 4, 'tina477141', '2024-05-24 02:46:52', '2024-05-24 02:46:52'),
(398, 5, 1, 'tina544402', '2024-05-24 03:24:45', '2024-05-24 03:24:45'),
(399, 5, 1, 'tina183994', '2024-05-24 03:24:45', '2024-05-24 03:24:45'),
(400, 5, 1, 'tina243353', '2024-05-24 03:24:45', '2024-05-24 03:24:45'),
(401, 5, 1, 'tina420113', '2024-05-24 03:24:46', '2024-05-24 03:24:46'),
(402, 5, 1, 'tina468941', '2024-05-24 03:29:54', '2024-05-24 03:29:54'),
(403, 5, 1, 'tina842755', '2024-05-24 03:29:54', '2024-05-24 03:29:54'),
(404, 5, 1, 'tina151223', '2024-05-24 03:29:54', '2024-05-24 03:29:54'),
(405, 5, 1, 'tina502211', '2024-05-24 03:29:54', '2024-05-24 03:29:54'),
(406, 5, 2, 'tina607175', '2024-05-24 03:30:54', '2024-05-24 03:30:54'),
(407, 5, 2, 'tina767405', '2024-05-24 03:30:54', '2024-05-24 03:30:54'),
(408, 5, 2, 'tina231290', '2024-05-24 03:30:54', '2024-05-24 03:30:54'),
(409, 5, 2, 'tina917128', '2024-05-24 03:30:54', '2024-05-24 03:30:54'),
(410, 5, 1, 'tina242911', '2024-05-27 12:35:53', '2024-05-27 12:35:53'),
(411, 5, 1, 'tina498863', '2024-05-27 12:35:53', '2024-05-27 12:35:53'),
(412, 5, 1, 'tina194265', '2024-05-27 12:35:54', '2024-05-27 12:35:54'),
(413, 5, 1, 'tina544021', '2024-05-27 12:35:54', '2024-05-27 12:35:54'),
(414, 5, 7, 'tina584678', '2024-05-31 23:10:39', '2024-05-31 23:10:39'),
(415, 5, 7, 'tina225236', '2024-05-31 23:11:16', '2024-05-31 23:11:16'),
(416, 5, 7, 'tina731118', '2024-05-31 23:11:32', '2024-05-31 23:11:32'),
(417, 5, 7, 'tina297592', '2024-05-31 23:15:30', '2024-05-31 23:15:30'),
(418, 5, 7, 'tina560492', '2024-05-31 23:16:05', '2024-05-31 23:16:05'),
(419, 5, 7, 'tina384906', '2024-06-01 00:04:43', '2024-06-01 00:04:43'),
(420, 5, 10, 'tina391886', '2024-06-01 09:46:56', '2024-06-01 09:46:56'),
(421, 5, 8, 'tina116530', '2024-06-01 09:50:26', '2024-06-01 09:50:26'),
(422, 5, 7, 'tina260429', '2024-06-01 17:05:51', '2024-06-01 17:05:51'),
(423, 5, 8, 'tina504877', '2024-06-01 17:14:25', '2024-06-01 17:14:25'),
(424, 5, 8, 'tina665737', '2024-06-01 17:43:31', '2024-06-01 17:43:31'),
(425, 5, 7, 'tina927997', '2024-06-01 17:55:55', '2024-06-01 17:55:55'),
(426, 5, 10, 'tina538903', '2024-06-01 18:06:52', '2024-06-01 18:06:52'),
(427, 5, 7, 'tina809892', '2024-06-01 18:07:05', '2024-06-01 18:07:05'),
(428, 5, 8, 'tina144043', '2024-06-01 18:27:57', '2024-06-01 18:27:57'),
(429, 5, 10, 'tina706965', '2024-06-01 19:00:20', '2024-06-01 19:00:20'),
(430, 5, 10, 'tina609536', '2024-06-01 19:47:51', '2024-06-01 19:47:51'),
(431, 5, 10, 'tina859439', '2024-06-01 19:48:57', '2024-06-01 19:48:57'),
(432, 5, 10, 'tina684962', '2024-06-01 19:49:24', '2024-06-01 19:49:24'),
(433, 5, 10, 'tina777135', '2024-06-01 20:00:30', '2024-06-01 20:00:30'),
(434, 5, 10, 'tina804026', '2024-06-01 20:01:30', '2024-06-01 20:01:30'),
(435, 5, 10, 'tina121714', '2024-06-01 20:02:41', '2024-06-01 20:02:41'),
(436, 5, 10, 'tina485116', '2024-06-01 20:04:24', '2024-06-01 20:04:24'),
(437, 5, 10, 'tina110831', '2024-06-01 20:19:21', '2024-06-01 20:19:21'),
(438, 5, 10, 'tina419180', '2024-06-01 20:20:46', '2024-06-01 20:20:46'),
(439, 5, 10, 'tina615080', '2024-06-01 20:24:05', '2024-06-01 20:24:05'),
(440, 5, 10, 'tina299483', '2024-06-01 20:24:56', '2024-06-01 20:24:56'),
(441, 5, 10, 'tina612421', '2024-06-01 20:26:48', '2024-06-01 20:26:48'),
(442, 5, 10, 'tina976610', '2024-06-01 20:29:04', '2024-06-01 20:29:04'),
(443, 5, 10, 'tina984333', '2024-06-01 20:34:32', '2024-06-01 20:34:32'),
(444, 5, 10, 'tina524163', '2024-06-01 20:40:42', '2024-06-01 20:40:42'),
(445, 5, 10, 'tina703800', '2024-06-01 20:42:37', '2024-06-01 20:42:37'),
(446, 5, 10, 'tina531037', '2024-06-01 20:44:04', '2024-06-01 20:44:04'),
(447, 5, 10, 'tina234575', '2024-06-01 20:46:58', '2024-06-01 20:46:58'),
(448, 39, 8, 'juma443644', '2024-06-01 20:57:20', '2024-06-01 20:57:20'),
(449, 5, 8, 'tina518015', '2024-06-02 09:30:45', '2024-06-02 09:30:45'),
(450, 5, 8, 'tina980079', '2024-06-02 11:31:09', '2024-06-02 11:31:09'),
(451, 44, 11, 'lizzie457481', '2024-06-02 11:59:31', '2024-06-02 11:59:31'),
(452, 5, 7, 'tina283209', '2024-06-03 16:13:13', '2024-06-03 16:13:13'),
(453, 5, 12, 'tina946189', '2024-06-04 22:03:29', '2024-06-04 22:03:29'),
(454, 5, 13, 'tina711357', '2024-06-06 09:07:30', '2024-06-06 09:07:30'),
(455, 5, 13, 'tina387028', '2024-06-06 10:23:33', '2024-06-06 10:23:33'),
(456, 5, 13, 'tina392998', '2024-06-08 10:45:23', '2024-06-08 10:45:23'),
(457, 5, 13, 'tina835818', '2024-06-08 10:45:23', '2024-06-08 10:45:23'),
(458, 5, 13, 'tina941774', '2024-06-08 10:45:24', '2024-06-08 10:45:24'),
(459, 5, 13, 'tina484719', '2024-06-08 10:45:24', '2024-06-08 10:45:24'),
(460, 5, 13, 'tina654959', '2024-06-08 10:45:24', '2024-06-08 10:45:24'),
(461, 5, 13, 'tina178807', '2024-06-08 10:45:25', '2024-06-08 10:45:25'),
(462, 5, 13, 'tina912774', '2024-06-08 10:45:25', '2024-06-08 10:45:25'),
(463, 5, 13, 'tina506035', '2024-06-08 10:45:25', '2024-06-08 10:45:25'),
(464, 5, 13, 'tina794876', '2024-06-08 10:45:26', '2024-06-08 10:45:26'),
(465, 5, 13, 'tina881742', '2024-06-08 10:45:26', '2024-06-08 10:45:26'),
(466, 5, 13, 'tina720703', '2024-06-08 10:45:26', '2024-06-08 10:45:26'),
(467, 5, 13, 'tina521277', '2024-06-08 10:45:26', '2024-06-08 10:45:26'),
(468, 5, 13, 'tina933021', '2024-06-08 10:45:26', '2024-06-08 10:45:26'),
(469, 5, 13, 'tina528266', '2024-06-08 10:45:26', '2024-06-08 10:45:26'),
(470, 5, 13, 'tina685301', '2024-06-08 10:45:26', '2024-06-08 10:45:26'),
(471, 5, 13, 'tina568859', '2024-06-08 10:45:26', '2024-06-08 10:45:26'),
(472, 5, 13, 'tina962106', '2024-06-08 10:45:27', '2024-06-08 10:45:27'),
(473, 5, 13, 'tina359834', '2024-06-08 10:45:27', '2024-06-08 10:45:27'),
(474, 5, 13, 'tina418210', '2024-06-08 10:45:27', '2024-06-08 10:45:27'),
(475, 5, 13, 'tina423101', '2024-06-08 10:45:27', '2024-06-08 10:45:27'),
(476, 5, 13, 'tina583925', '2024-06-08 10:45:27', '2024-06-08 10:45:27'),
(477, 5, 13, 'tina262481', '2024-06-08 10:45:27', '2024-06-08 10:45:27'),
(478, 5, 13, 'tina575485', '2024-06-08 10:45:27', '2024-06-08 10:45:27'),
(479, 5, 13, 'tina778517', '2024-06-08 10:45:27', '2024-06-08 10:45:27'),
(480, 5, 13, 'tina878405', '2024-06-08 10:45:27', '2024-06-08 10:45:27'),
(481, 5, 13, 'tina259404', '2024-06-08 10:45:28', '2024-06-08 10:45:28'),
(482, 5, 13, 'tina656086', '2024-06-08 10:45:28', '2024-06-08 10:45:28'),
(483, 5, 13, 'tina644349', '2024-06-08 10:45:28', '2024-06-08 10:45:28'),
(484, 5, 13, 'tina943922', '2024-06-08 10:45:28', '2024-06-08 10:45:28'),
(485, 5, 13, 'tina181509', '2024-06-08 10:45:28', '2024-06-08 10:45:28'),
(486, 5, 13, 'tina908359', '2024-06-08 10:45:28', '2024-06-08 10:45:28'),
(487, 5, 13, 'tina197188', '2024-06-08 10:45:28', '2024-06-08 10:45:28'),
(488, 5, 13, 'tina435405', '2024-06-08 10:45:28', '2024-06-08 10:45:28'),
(489, 5, 13, 'tina769406', '2024-06-08 10:45:28', '2024-06-08 10:45:28'),
(490, 5, 13, 'tina747151', '2024-06-08 10:45:29', '2024-06-08 10:45:29'),
(491, 5, 13, 'tina542287', '2024-06-08 10:45:29', '2024-06-08 10:45:29'),
(492, 5, 13, 'tina726934', '2024-06-08 10:45:29', '2024-06-08 10:45:29'),
(493, 5, 13, 'tina805390', '2024-06-08 10:45:29', '2024-06-08 10:45:29'),
(494, 5, 13, 'tina501242', '2024-06-08 10:45:29', '2024-06-08 10:45:29'),
(495, 5, 13, 'tina733467', '2024-06-08 10:45:29', '2024-06-08 10:45:29'),
(496, 5, 13, 'tina843325', '2024-06-08 10:45:29', '2024-06-08 10:45:29'),
(497, 5, 13, 'tina223788', '2024-06-08 10:45:29', '2024-06-08 10:45:29'),
(498, 5, 13, 'tina490913', '2024-06-08 10:45:30', '2024-06-08 10:45:30'),
(499, 5, 13, 'tina798420', '2024-06-08 10:45:30', '2024-06-08 10:45:30'),
(500, 5, 13, 'tina281210', '2024-06-08 10:45:30', '2024-06-08 10:45:30'),
(501, 5, 13, 'tina660945', '2024-06-08 10:45:30', '2024-06-08 10:45:30'),
(502, 5, 13, 'tina697765', '2024-06-08 10:45:30', '2024-06-08 10:45:30'),
(503, 5, 13, 'tina602244', '2024-06-08 10:45:30', '2024-06-08 10:45:30'),
(504, 5, 13, 'tina488595', '2024-06-08 10:45:31', '2024-06-08 10:45:31'),
(505, 5, 13, 'tina724146', '2024-06-08 10:45:31', '2024-06-08 10:45:31'),
(506, 5, 13, 'tina700365', '2024-06-08 10:45:31', '2024-06-08 10:45:31'),
(507, 5, 13, 'tina341597', '2024-06-08 10:45:31', '2024-06-08 10:45:31'),
(508, 5, 13, 'tina635247', '2024-06-08 10:45:31', '2024-06-08 10:45:31'),
(509, 5, 13, 'tina855361', '2024-06-08 10:45:31', '2024-06-08 10:45:31'),
(510, 5, 13, 'tina881962', '2024-06-08 10:45:31', '2024-06-08 10:45:31'),
(511, 5, 13, 'tina646850', '2024-06-08 10:45:31', '2024-06-08 10:45:31'),
(512, 5, 13, 'tina223718', '2024-06-08 10:45:31', '2024-06-08 10:45:31'),
(513, 5, 13, 'tina950397', '2024-06-08 10:45:32', '2024-06-08 10:45:32'),
(514, 5, 13, 'tina508125', '2024-06-08 10:45:32', '2024-06-08 10:45:32'),
(515, 5, 13, 'tina187957', '2024-06-12 11:39:06', '2024-06-12 11:39:06'),
(516, 39, 7, 'juma488572', '2024-06-13 23:42:27', '2024-06-13 23:42:27'),
(517, 39, 7, 'juma618647', '2024-06-13 23:42:27', '2024-06-13 23:42:27'),
(518, 39, 7, 'juma686906', '2024-06-13 23:42:27', '2024-06-13 23:42:27'),
(519, 39, 7, 'juma773219', '2024-06-13 23:42:28', '2024-06-13 23:42:28'),
(520, 39, 7, 'juma887495', '2024-06-13 23:42:28', '2024-06-13 23:42:28'),
(521, 39, 7, 'juma546026', '2024-06-13 23:43:14', '2024-06-13 23:43:14'),
(522, 39, 7, 'juma784633', '2024-06-13 23:43:15', '2024-06-13 23:43:15'),
(523, 39, 7, 'juma181601', '2024-06-13 23:43:15', '2024-06-13 23:43:15'),
(524, 39, 7, 'juma148396', '2024-06-13 23:43:15', '2024-06-13 23:43:15'),
(525, 39, 7, 'juma834336', '2024-06-13 23:43:15', '2024-06-13 23:43:15'),
(526, 39, 7, 'juma573399', '2024-06-13 23:43:19', '2024-06-13 23:43:19'),
(527, 39, 7, 'juma251068', '2024-06-13 23:43:19', '2024-06-13 23:43:19'),
(528, 39, 7, 'juma919246', '2024-06-13 23:43:19', '2024-06-13 23:43:19'),
(529, 39, 7, 'juma817351', '2024-06-13 23:43:19', '2024-06-13 23:43:19'),
(530, 39, 7, 'juma886373', '2024-06-13 23:43:19', '2024-06-13 23:43:19'),
(531, 39, 7, 'juma697536', '2024-06-13 23:48:57', '2024-06-13 23:48:57'),
(532, 39, 7, 'juma745311', '2024-06-13 23:48:57', '2024-06-13 23:48:57'),
(533, 39, 7, 'juma719979', '2024-06-13 23:48:57', '2024-06-13 23:48:57'),
(534, 39, 7, 'juma981112', '2024-06-13 23:48:57', '2024-06-13 23:48:57'),
(535, 39, 7, 'juma813570', '2024-06-13 23:48:57', '2024-06-13 23:48:57'),
(536, 35, 12, 'wankyo213511', '2024-06-20 15:53:49', '2024-06-20 15:53:49'),
(537, 39, 7, 'juma392297', '2024-06-21 13:40:49', '2024-06-21 13:40:49'),
(538, 35, 13, 'wankyo469955', '2024-06-22 16:34:52', '2024-06-22 16:34:52'),
(539, 5, 13, 'tina624334', '2024-06-25 00:46:03', '2024-06-25 00:46:03'),
(540, 39, 10, 'juma978180', '2024-06-25 15:07:20', '2024-06-25 15:07:20'),
(541, 5, 13, 'tina462160', '2024-07-11 23:51:45', '2024-07-11 23:51:45'),
(542, 35, 12, 'wankyo623916', '2024-07-21 20:41:19', '2024-07-21 20:41:19');

-- --------------------------------------------------------

--
-- Table structure for table `comments`
--

CREATE TABLE `comments` (
  `id` bigint(20) UNSIGNED NOT NULL,
  `message` varchar(1500) NOT NULL,
  `user_id` int(11) NOT NULL,
  `post_id` int(11) NOT NULL,
  `created_at` timestamp NULL DEFAULT NULL,
  `updated_at` timestamp NULL DEFAULT NULL
) ENGINE=InnoDB DEFAULT CHARSET=utf8mb4 COLLATE=utf8mb4_unicode_ci;

--
-- Dumping data for table `comments`
--

INSERT INTO `comments` (`id`, `message`, `user_id`, `post_id`, `created_at`, `updated_at`) VALUES
(1, 'I will be the first one to attend this marathon, because I think it\'s so fantastic', 2, 1, '2024-04-22 16:28:14', '2024-04-22 16:28:14'),
(2, 'I will be the first one to attend this marathon, because I think it\'s so fantastic', 2, 3, '2024-04-22 16:28:24', '2024-04-22 16:28:24'),
(3, 'I will be the first one to attend this marathon, because I think it\'s so fantastic', 5, 12, '2024-06-03 15:38:20', '2024-06-03 15:38:20'),
(4, 'Hakika mjadala huu nafikiri utakua mzuri', 5, 12, '2024-06-03 15:39:36', '2024-06-03 15:39:36'),
(5, 'mkakati mzuri sana huu', 5, 10, '2024-06-21 11:40:07', '2024-06-21 11:40:07'),
(6, 'nafikiri tuanze nao mapema sana, mimi nitakua wa kwanza kufanya hivyo', 5, 10, '2024-06-21 11:41:59', '2024-06-21 11:41:59'),
(7, 'inaonekana eku mko vizuri sana', 5, 14, '2024-06-21 11:47:01', '2024-06-21 11:47:01'),
(8, '😂😂👋', 5, 10, '2024-06-21 11:59:01', '2024-06-21 11:59:01'),
(9, '🆗', 5, 14, '2024-06-21 12:08:04', '2024-06-21 12:08:04'),
(10, 'kimsingi hawa wamama wanajitahidi sana, wapewe maua yao', 5, 15, '2024-06-21 12:13:14', '2024-06-21 12:13:14'),
(11, 'nakubaliana nanyi nyote', 5, 14, '2024-06-21 12:27:44', '2024-06-21 12:27:44'),
(12, 'nakubaliana nanyi nyote', 5, 14, '2024-06-21 12:28:40', '2024-06-21 12:28:40'),
(13, 'vijana wa kigamboni, mpo?', 5, 11, '2024-06-21 12:31:59', '2024-06-21 12:31:59'),
(14, 'hivi karibuni tutakua sote', 5, 11, '2024-06-21 12:33:38', '2024-06-21 12:33:38'),
(15, 'kwakweli, wnajitahidi', 5, 15, '2024-06-21 12:37:38', '2024-06-21 12:37:38'),
(16, 'mko sawasawa jamani?', 5, 11, '2024-06-21 12:47:21', '2024-06-21 12:47:21'),
(17, 'wanajitahidi san eku kwakweli', 39, 14, '2024-06-21 12:59:46', '2024-06-21 12:59:46'),
(18, 'oky', 39, 14, '2024-06-21 13:38:47', '2024-06-21 13:38:47'),
(19, '😂😂😂😂. labda kweli', 5, 15, '2024-06-21 14:09:25', '2024-06-21 14:09:25'),
(20, 'naona wote mko mna isifia sana eku, inaonekana inafanya vizuri huko eenh, lakini dar bado haijafika jaman', 5, 14, '2024-06-21 23:00:58', '2024-06-21 23:00:58');

-- --------------------------------------------------------

--
-- Table structure for table `events`
--

CREATE TABLE `events` (
  `id` bigint(20) UNSIGNED NOT NULL,
  `user_id` bigint(20) UNSIGNED NOT NULL,
  `group_id` bigint(20) UNSIGNED NOT NULL,
  `title` varchar(255) NOT NULL,
  `description` text NOT NULL,
  `location` varchar(255) NOT NULL,
  `image` varchar(255) NOT NULL,
  `date` date NOT NULL,
  `time` varchar(255) NOT NULL,
  `created_at` timestamp NULL DEFAULT NULL,
  `updated_at` timestamp NULL DEFAULT NULL
) ENGINE=InnoDB DEFAULT CHARSET=utf8mb4 COLLATE=utf8mb4_unicode_ci;

--
-- Dumping data for table `events`
--

INSERT INTO `events` (`id`, `user_id`, `group_id`, `title`, `description`, `location`, `image`, `date`, `time`, `created_at`, `updated_at`) VALUES
(1, 2, 4, 'FISHERS WOMEN MEETING IN BAGAMOYO', 'tunategemea kua na event mwezi ujao, tunakuombeni nyote mhudhurie ili kupata elimu juu ya uhusiano baina ya jinsi na maendeleo ya jamii kwa ujumla', 'science hub - kijitonyama', 'Files/image_events/img_66296d934befe.webp', '2024-04-24', '12:00am - 06:pm', '2024-04-25 00:37:39', '2024-04-25 00:37:39'),
(2, 2, 4, 'SEREMONY EVENT WITH ENGAGEMENT', 'tunategemea kua na event mwezi ujao, tunakuombeni nyote mhudhurie ili kupata elimu juu ya uhusiano baina ya jinsi na maendeleo ya jamii kwa ujumla', 'science hub - kijitonyama', 'Files/image_events/img_66296e7a3092c.webp', '2024-04-24', '12:00am - 06:pm', '2024-04-25 00:41:30', '2024-04-25 00:41:30'),
(3, 2, 4, 'BUSSINES KNOWLEDGES AND NETWORKING', 'tunategemea kua na event mwezi ujao, tunakuombeni nyote mhudhurie ili kupata elimu juu ya uhusiano baina ya jinsi na maendeleo ya jamii kwa ujumla', 'science hub - kijitonyama', 'Files/image_events/img_66296e7a4054e.webp', '2024-04-24', '12:00am - 06:pm', '2024-04-25 00:41:30', '2024-04-25 00:41:30'),
(4, 2, 4, 'LET BUILD BETTER FUTURE FOR YOUNG GIRLS', 'tunategemea kua na event mwezi ujao, tunakuombeni nyote mhudhurie ili kupata elimu juu ya uhusiano baina ya jinsi na maendeleo ya jamii kwa ujumla', 'science hub - kijitonyama', 'Files/image_events/img_66296f2f553c1.webp', '2024-04-24', '12:00am - 06:pm', '2024-04-25 00:44:31', '2024-04-25 00:44:31'),
(6, 5, 7, 'tunategemea kua na kikao cha WAJASIRIAMALI hivi karibuni', 'KIKAO Cha WAJASIRIAMALI kijotonyama', 'kijitonyama', 'Files/image_events/img_6657b78286d3e.webp', '2024-05-31', '8.00 to 20.00', '2024-05-30 03:17:22', '2024-05-30 03:17:22'),
(7, 5, 15, 'were planning to have general meeting this mounth', 'GENDER GNLC MEETING', 'nkurumah hall sinza', 'Files/image_events/img_66585136defac.webp', '2024-06-13', '08:00 - 20:00', '2024-05-30 14:13:11', '2024-05-30 14:13:11'),
(9, 1, 11, 'mjadala juu ya umoja na mshikamano ni nguzo thabiti kuzuia manyamayaso dhidi ya mtoto', 'umoja na mshikamano', 'bagamoyo', 'Files/image_events/img_6658598f2cb05.webp', '2024-07-12', '0800 - 2000', '2024-05-30 14:48:47', '2024-05-30 14:48:47'),
(10, 5, 15, 'saccos makongo inatarajia kufanya uhakiki juu ya wanufaika na mradi huo', 'uhakiki majina ya saccos', 'makongo ccm', 'Files/image_events/img_6658625526a70.webp', '2024-06-07', '12{00 - 02:00', '2024-05-30 15:26:13', '2024-05-30 15:26:13'),
(11, 44, 16, 'Building better health for better life', 'mental health seminar', 'Makumbusho green_acre', 'Files/image_events/img_665c25bfb1b7e.webp', '2024-06-23', '1200-1700', '2024-06-02 11:56:47', '2024-06-02 11:56:47'),
(12, 5, 15, 'MAPAMBANO DHIDI YA UKATILI WA KIJINSIA', 'gbce inayofuraha kuwaalika nyote katika event kubwa ihusuyo mjadala namna ya kukomesha ukatili dhidi ya wamama na mabinti', 'Ubungo maziwa', 'Files/image_events/img_665f56bdafa58.webp', '2024-06-19', 'kuanzia saa 20:00pm - 22:00pm', '2024-06-04 22:02:37', '2024-06-04 22:02:37'),
(13, 5, 15, 'ELIMU JUU YA USAWA JINSIA', 'gbce tunatarajia kua na mkutano MFUPI juu ya uelimishaji juu ya umuhimu wa usawa wa kijinsia katika maendeleo ya jamii', 'CCM kilumba Mwanza', 'Files/image_events/img_666143793f667.webp', '2024-06-21', '08:00 - 20:00', '2024-06-06 09:04:57', '2024-06-06 09:04:57');

-- --------------------------------------------------------

--
-- Table structure for table `failed_jobs`
--

CREATE TABLE `failed_jobs` (
  `id` bigint(20) UNSIGNED NOT NULL,
  `uuid` varchar(255) NOT NULL,
  `connection` text NOT NULL,
  `queue` text NOT NULL,
  `payload` longtext NOT NULL,
  `exception` longtext NOT NULL,
  `failed_at` timestamp NOT NULL DEFAULT current_timestamp()
) ENGINE=InnoDB DEFAULT CHARSET=utf8mb4 COLLATE=utf8mb4_unicode_ci;

-- --------------------------------------------------------

--
-- Table structure for table `feedbacs`
--

CREATE TABLE `feedbacs` (
  `id` bigint(20) UNSIGNED NOT NULL,
  `user_id` varchar(255) NOT NULL,
  `event_id` varchar(255) NOT NULL,
  `report` varchar(255) NOT NULL,
  `created_at` timestamp NULL DEFAULT NULL,
  `updated_at` timestamp NULL DEFAULT NULL
) ENGINE=InnoDB DEFAULT CHARSET=utf8mb4 COLLATE=utf8mb4_unicode_ci;

--
-- Dumping data for table `feedbacs`
--

INSERT INTO `feedbacs` (`id`, `user_id`, `event_id`, `report`, `created_at`, `updated_at`) VALUES
(5, '35', '12', '/storage/Files/event_reports/VvFDvl4BeN.pdf', '2024-06-25 00:20:48', '2024-06-25 00:20:48'),
(6, '35', '12', '/storage/Files/event_reports/1Ul4pSzXEB.pdf', '2024-06-25 00:28:15', '2024-06-25 00:28:15'),
(7, '5', '7', '/storage/Files/event_reports/1ykK2U15w9.pdf', '2024-06-25 04:35:55', '2024-06-25 04:35:55'),
(9, '39', '13', '/storage/Files/event_reports/txZnVv4L8x.docx', '2024-06-25 15:33:37', '2024-06-25 15:33:37'),
(10, '5', '10', '/storage/Files/event_reports/hqQ4TqSzcS.pdf', '2024-07-05 07:47:49', '2024-07-05 07:47:49');

-- --------------------------------------------------------

--
-- Table structure for table `groups`
--

CREATE TABLE `groups` (
  `id` bigint(20) UNSIGNED NOT NULL,
  `name` varchar(255) NOT NULL,
  `admin_id` varchar(255) NOT NULL,
  `created_at` timestamp NULL DEFAULT NULL,
  `updated_at` timestamp NULL DEFAULT NULL
) ENGINE=InnoDB DEFAULT CHARSET=utf8mb4 COLLATE=utf8mb4_unicode_ci;

--
-- Dumping data for table `groups`
--

INSERT INTO `groups` (`id`, `name`, `admin_id`, `created_at`, `updated_at`) VALUES
(4, 'SAVE THE CHILDRENS', '8', '2024-04-22 18:20:36', '2024-04-22 18:20:36'),
(5, 'KIKUNDI CHA WAVUVI VIKINDU', '1', '2024-04-22 18:25:34', '2024-04-22 18:25:34'),
(6, 'WAMAMA NA UJASIRIAMALI', '3', '2024-04-22 18:26:12', '2024-04-22 18:26:12'),
(7, 'PROGRAMMERS HUSTLES', '5', '2024-05-28 10:47:31', '2024-05-28 10:47:31'),
(8, 'NEW GROUP', '5', '2024-05-28 10:54:16', '2024-05-28 10:54:16'),
(9, 'ANOTHER GROUP', '5', '2024-05-28 10:55:40', '2024-05-28 10:55:40'),
(10, 'TINAS GROUP MAIN', '5', '2024-05-28 11:01:47', '2024-05-28 11:01:47'),
(11, 'MUSSAS GROUP', '1', '2024-05-28 11:03:09', '2024-05-28 11:03:09'),
(12, 'MUSSAS SECOND GROUP', '1', '2024-05-28 11:45:04', '2024-05-28 11:45:04'),
(13, 'TESTING', '1', '2024-05-28 12:04:40', '2024-05-28 12:04:40'),
(14, 'AFYA YA AKILI', '5', '2024-05-30 03:22:26', '2024-05-30 03:22:26'),
(15, 'TINAS MAIN GROUP', '5', '2024-05-30 12:03:15', '2024-05-30 12:03:15'),
(16, 'ujamaa village', '44', '2024-06-02 11:52:51', '2024-06-02 11:52:51');

-- --------------------------------------------------------

--
-- Table structure for table `group_members`
--

CREATE TABLE `group_members` (
  `id` bigint(20) UNSIGNED NOT NULL,
  `user_id` varchar(255) NOT NULL,
  `group_id` varchar(255) NOT NULL,
  `created_at` timestamp NULL DEFAULT NULL,
  `updated_at` timestamp NULL DEFAULT NULL
) ENGINE=InnoDB DEFAULT CHARSET=utf8mb4 COLLATE=utf8mb4_unicode_ci;

--
-- Dumping data for table `group_members`
--

INSERT INTO `group_members` (`id`, `user_id`, `group_id`, `created_at`, `updated_at`) VALUES
(1, '2', '4', '2024-04-22 18:20:36', '2024-04-22 18:20:36'),
(2, '2', '5', '2024-04-22 18:25:34', '2024-04-22 18:25:34'),
(3, '2', '6', '2024-04-22 18:26:12', '2024-04-22 18:26:12'),
(4, '5', '4', '2024-04-24 20:50:18', '2024-04-24 20:50:18'),
(5, '6', '4', '2024-04-24 20:57:45', '2024-04-24 20:57:45'),
(6, '7', '4', '2024-04-24 21:07:01', '2024-04-24 21:07:01'),
(7, '5', '7', '2024-05-28 10:47:31', '2024-05-28 10:47:31'),
(8, '5', '8', '2024-05-28 10:54:16', '2024-05-28 10:54:16'),
(9, '5', '9', '2024-05-28 10:55:40', '2024-05-28 10:55:40'),
(10, '5', '10', '2024-05-28 11:01:47', '2024-05-28 11:01:47'),
(11, '1', '11', '2024-05-28 11:03:09', '2024-05-28 11:03:09'),
(12, '1', '12', '2024-05-28 11:45:04', '2024-05-28 11:45:04'),
(13, '1', '13', '2024-05-28 12:04:40', '2024-05-28 12:04:40'),
(14, '5', '14', '2024-05-30 03:22:26', '2024-05-30 03:22:26'),
(15, '5', '15', '2024-05-30 12:03:15', '2024-05-30 12:03:15'),
(16, '35', '15', '2024-05-31 09:41:39', '2024-05-31 09:41:39'),
(17, '36', '15', '2024-05-31 09:50:31', '2024-05-31 09:50:31'),
(18, '37', '15', '2024-05-31 09:58:20', '2024-05-31 09:58:20'),
(20, '39', '15', '2024-05-31 10:16:40', '2024-05-31 10:16:40'),
(21, '40', '15', '2024-05-31 10:22:49', '2024-05-31 10:22:49'),
(22, '41', '15', '2024-05-31 10:30:37', '2024-05-31 10:30:37'),
(24, '43', '15', '2024-05-31 17:19:04', '2024-05-31 17:19:04'),
(25, '44', '16', '2024-06-02 11:52:51', '2024-06-02 11:52:51');

-- --------------------------------------------------------

--
-- Table structure for table `insights`
--

CREATE TABLE `insights` (
  `id` bigint(20) UNSIGNED NOT NULL,
  `name` varchar(255) NOT NULL,
  `email` varchar(255) NOT NULL,
  `subject` varchar(255) NOT NULL,
  `message` text NOT NULL,
  `created_at` timestamp NULL DEFAULT NULL,
  `updated_at` timestamp NULL DEFAULT NULL
) ENGINE=InnoDB DEFAULT CHARSET=utf8mb4 COLLATE=utf8mb4_unicode_ci;

--
-- Dumping data for table `insights`
--

INSERT INTO `insights` (`id`, `name`, `email`, `subject`, `message`, `created_at`, `updated_at`) VALUES
(1, 'mussa', 'jeremia@gmail.com', 'NEED FOR COLLABORATION', 'testing', '2024-06-16 20:10:47', '2024-06-16 20:10:47'),
(2, 'mussa', 'tina@gmail.com', 'NEED FOR COLLABORATION', 'testing 2', '2024-06-16 20:13:37', '2024-06-16 20:13:37'),
(3, 'uhuru', 'recho@gmail.com', 'TESTING 3', 'let try to verify insight are saved', '2024-06-16 20:30:17', '2024-06-16 20:30:17'),
(4, 'uhuru', 'tina@gmail.com', 'NEED FOR COLLABORATION', 'again', '2024-06-16 20:32:09', '2024-06-16 20:32:09'),
(5, 'moux', 'moux@gmail.com', 'NEED FOR TESTING', 'we are just testing', '2024-06-16 20:35:52', '2024-06-16 20:35:52'),
(6, 'mussa', 'tina@gmail.com', 'NEED FOR COLLABORATION', 'anything', '2024-06-16 20:43:28', '2024-06-16 20:43:28'),
(7, 'aron', 'denis@gmail.com', 'NEED FOR TESTING', 'another test', '2024-06-16 20:46:29', '2024-06-16 20:46:29'),
(8, 'ozox', 'ozox@gmail.com', 'Addition of the ability to open account using the web part', 'you guys , this is great, you are doing good job, but you should add the ability to open account even using the web part', '2024-06-22 16:55:47', '2024-06-22 16:55:47');

-- --------------------------------------------------------

--
-- Table structure for table `likes`
--

CREATE TABLE `likes` (
  `id` bigint(20) UNSIGNED NOT NULL,
  `post_id` varchar(255) NOT NULL,
  `user_id` varchar(255) NOT NULL,
  `created_at` timestamp NULL DEFAULT NULL,
  `updated_at` timestamp NULL DEFAULT NULL
) ENGINE=InnoDB DEFAULT CHARSET=utf8mb4 COLLATE=utf8mb4_unicode_ci;

--
-- Dumping data for table `likes`
--

INSERT INTO `likes` (`id`, `post_id`, `user_id`, `created_at`, `updated_at`) VALUES
(1, '1', '2', '2024-04-22 16:29:56', '2024-04-22 16:29:56'),
(2, '2', '2', '2024-04-22 16:30:03', '2024-04-22 16:30:03'),
(3, '3', '2', '2024-04-22 16:30:09', '2024-04-22 16:30:09'),
(15, '10', '5', '2024-06-02 22:16:57', '2024-06-02 22:16:57'),
(18, '13', '5', '2024-06-03 15:37:42', '2024-06-03 15:37:42'),
(19, '14', '5', '2024-06-04 22:04:47', '2024-06-04 22:04:47'),
(20, '11', '5', '2024-06-06 08:41:56', '2024-06-06 08:41:56'),
(22, '15', '5', '2024-06-20 03:14:07', '2024-06-20 03:14:07'),
(24, '12', '35', '2024-06-21 01:45:04', '2024-06-21 01:45:04'),
(27, '14', '39', '2024-06-21 13:38:30', '2024-06-21 13:38:30');

-- --------------------------------------------------------

--
-- Table structure for table `migrations`
--

CREATE TABLE `migrations` (
  `id` int(10) UNSIGNED NOT NULL,
  `migration` varchar(255) NOT NULL,
  `batch` int(11) NOT NULL
) ENGINE=InnoDB DEFAULT CHARSET=utf8mb4 COLLATE=utf8mb4_unicode_ci;

--
-- Dumping data for table `migrations`
--

INSERT INTO `migrations` (`id`, `migration`, `batch`) VALUES
(45, '2014_10_12_000000_create_users_table', 1),
(46, '2014_10_12_100000_create_password_reset_tokens_table', 1),
(47, '2019_08_19_000000_create_failed_jobs_table', 1),
(48, '2019_12_14_000001_create_personal_access_tokens_table', 1),
(49, '2024_03_04_104230_user_types', 1),
(50, '2024_03_05_124342_create_posts_table', 1),
(51, '2024_03_05_124441_create_post_types_table', 1),
(52, '2024_03_07_084015_create_comments_table', 1),
(53, '2024_03_07_113034_create_replies_table', 1),
(54, '2024_03_08_092046_create_likes_table', 1),
(55, '2024_04_22_111825_groups', 1),
(56, '2024_04_22_112116_group_members', 1),
(57, '2024_04_22_112745_admins', 1),
(58, '2024_04_24_174230_events', 2),
(59, '2024_04_24_174405_bookings', 2),
(60, '2024_06_16_153124_create_insights_table', 3),
(61, '2024_06_24_085632_create_feedbacs_table', 4);

-- --------------------------------------------------------

--
-- Table structure for table `password_reset_tokens`
--

CREATE TABLE `password_reset_tokens` (
  `id` int(11) NOT NULL,
  `email` varchar(255) NOT NULL,
  `token` varchar(255) NOT NULL,
  `created_at` timestamp NOT NULL DEFAULT current_timestamp(),
  `updated_at` timestamp NOT NULL DEFAULT current_timestamp()
) ENGINE=InnoDB DEFAULT CHARSET=utf8mb4 COLLATE=utf8mb4_general_ci;

--
-- Dumping data for table `password_reset_tokens`
--

INSERT INTO `password_reset_tokens` (`id`, `email`, `token`, `created_at`, `updated_at`) VALUES
(1, 'benardmussa170@gmail.com', '1271', '2024-06-24 11:10:00', '2024-06-28 12:49:24'),
(13, 'juma@gmail.com', '1944', '2024-06-28 12:47:54', '2024-06-28 12:47:54');

-- --------------------------------------------------------

--
-- Table structure for table `personal_access_tokens`
--

CREATE TABLE `personal_access_tokens` (
  `id` bigint(20) UNSIGNED NOT NULL,
  `tokenable_type` varchar(255) NOT NULL,
  `tokenable_id` bigint(20) UNSIGNED NOT NULL,
  `name` varchar(255) NOT NULL,
  `token` varchar(64) NOT NULL,
  `abilities` text DEFAULT NULL,
  `last_used_at` timestamp NULL DEFAULT NULL,
  `expires_at` timestamp NULL DEFAULT NULL,
  `created_at` timestamp NULL DEFAULT NULL,
  `updated_at` timestamp NULL DEFAULT NULL
) ENGINE=InnoDB DEFAULT CHARSET=utf8mb4 COLLATE=utf8mb4_unicode_ci;

--
-- Dumping data for table `personal_access_tokens`
--

INSERT INTO `personal_access_tokens` (`id`, `tokenable_type`, `tokenable_id`, `name`, `token`, `abilities`, `last_used_at`, `expires_at`, `created_at`, `updated_at`) VALUES
(19, 'App\\Models\\User', 2, 'user-token', '8dd3edc8edce34391a15646ced2ccb9c9575e2d7a3e568ff99f4c54c505158aa', '[\"*\"]', '2024-04-28 04:13:44', NULL, '2024-04-28 04:13:41', '2024-04-28 04:13:44'),
(26, 'App\\Models\\User', 9, 'user-token', '17abfaf4ecb8722fae1eb63ef990ecdfdd66d1ffeab8b7deafdd9f676d2986d0', '[\"*\"]', NULL, NULL, '2024-04-30 15:19:22', '2024-04-30 15:19:22'),
(28, 'App\\Models\\User', 10, 'user-token', 'fa282d693007cc10353ee77aac6879c4078f8828203a4bf28e2f799fcfd09bfa', '[\"*\"]', NULL, NULL, '2024-04-30 16:02:16', '2024-04-30 16:02:16'),
(29, 'App\\Models\\User', 11, 'user-token', '5069a72dc2ad510aa7e3a3c59201c3f27254145f9529ad384b5359e7e76c6e5e', '[\"*\"]', NULL, NULL, '2024-04-30 16:34:09', '2024-04-30 16:34:09'),
(31, 'App\\Models\\User', 13, 'user-token', '2feacc74e833c9321cabae9338de754aebeb477b02925eb39ca0646b32cf75e8', '[\"*\"]', NULL, NULL, '2024-04-30 17:18:13', '2024-04-30 17:18:13'),
(32, 'App\\Models\\User', 14, 'user-token', 'd9a7ccba6049fb13327fc7175e7c300951e9ca8657f32b290086c01b56cd13f9', '[\"*\"]', NULL, NULL, '2024-04-30 17:55:41', '2024-04-30 17:55:41'),
(33, 'App\\Models\\User', 15, 'user-token', 'b5a564d5360a0684dee33c7c23a4e168e232d94e203c2322595f04359ea443ad', '[\"*\"]', NULL, NULL, '2024-04-30 18:04:12', '2024-04-30 18:04:12'),
(34, 'App\\Models\\User', 16, 'user-token', '3e54fcdc1759b7889d728e0b7c25aa8625fa17d71227fe3d4e098e2c22781f9f', '[\"*\"]', NULL, NULL, '2024-04-30 18:27:15', '2024-04-30 18:27:15'),
(35, 'App\\Models\\User', 17, 'user-token', 'd472917dfd8165eb80650793db3ca41787e271926721b22428620e2771e14dbc', '[\"*\"]', NULL, NULL, '2024-04-30 18:33:26', '2024-04-30 18:33:26'),
(36, 'App\\Models\\User', 18, 'user-token', '736a0076a67ae03ddb76c4982e35980d42bcdbecd9af8b225d9b0911e1ae7919', '[\"*\"]', NULL, NULL, '2024-04-30 18:35:48', '2024-04-30 18:35:48'),
(37, 'App\\Models\\User', 19, 'user-token', 'd1fd8c0da913f52f7910391858ce2f255100530e042c66e2ddf35d9295b558eb', '[\"*\"]', NULL, NULL, '2024-04-30 18:45:41', '2024-04-30 18:45:41'),
(38, 'App\\Models\\User', 20, 'user-token', 'cb1ab21e1a23cc088930852e6b3d1ec6e81bb6aa72223e7754c9fd126cdcf1cf', '[\"*\"]', NULL, NULL, '2024-04-30 18:51:54', '2024-04-30 18:51:54'),
(39, 'App\\Models\\User', 21, 'user-token', '87dd1a2f0da58f9dc2188f6873ee322b8a01a37d3685b9836002c7df6b7e60d9', '[\"*\"]', NULL, NULL, '2024-04-30 23:20:48', '2024-04-30 23:20:48'),
(40, 'App\\Models\\User', 22, 'user-token', 'c97eec052c7b5679b3e2f0a01b469817f9cc90014b9d9229493085948d5565b1', '[\"*\"]', NULL, NULL, '2024-04-30 23:54:46', '2024-04-30 23:54:46'),
(41, 'App\\Models\\User', 23, 'user-token', '42f831bb0ddb3bcee8f4807dcba768b8995e3750338567da93f11975b96b7e74', '[\"*\"]', NULL, NULL, '2024-04-30 23:57:19', '2024-04-30 23:57:19'),
(42, 'App\\Models\\User', 24, 'user-token', '050b746d94edb15c09d4fa4c54a7d9bdc63ce837a31bdac97fd97dc52ffc52ce', '[\"*\"]', NULL, NULL, '2024-05-01 00:15:18', '2024-05-01 00:15:18'),
(43, 'App\\Models\\User', 25, 'user-token', '7f3d59e0f31e07bf1023315a585ff048cd75afc62a331e2730e0265e128e7bb4', '[\"*\"]', NULL, NULL, '2024-05-01 00:33:29', '2024-05-01 00:33:29'),
(44, 'App\\Models\\User', 26, 'user-token', '59676f7b292e9cc6d872d85261ec9f6330189f333dfb4df3f2243f6fda27b3d9', '[\"*\"]', NULL, NULL, '2024-05-01 00:39:13', '2024-05-01 00:39:13'),
(45, 'App\\Models\\User', 27, 'user-token', '677a170a43cd186e70fb1aa01a8bd155857809e25f7c0a45746eb32a232f95c1', '[\"*\"]', NULL, NULL, '2024-05-01 00:50:35', '2024-05-01 00:50:35'),
(46, 'App\\Models\\User', 28, 'user-token', '9848b23ee7a4d048a681ed89821e75b2122993e3f3721809418a165ac9c9e793', '[\"*\"]', NULL, NULL, '2024-05-01 02:05:28', '2024-05-01 02:05:28'),
(47, 'App\\Models\\User', 29, 'user-token', '1a85aa1fb413b3dee42b062ec06df37b4b30383387740faca47e09049ad32e41', '[\"*\"]', NULL, NULL, '2024-05-01 02:14:11', '2024-05-01 02:14:11'),
(62, 'App\\Models\\User', 30, 'user-token', 'dd32c1900f8f5d98337abb3b70fcbbe11af077902ec394389775c4b135c8252f', '[\"*\"]', NULL, NULL, '2024-05-04 01:53:30', '2024-05-04 01:53:30'),
(63, 'App\\Models\\User', 31, 'user-token', 'ec3f1f89a956af2986de46187cab0566708d42fc7315e369bc6b0cf8383ac082', '[\"*\"]', NULL, NULL, '2024-05-04 02:12:28', '2024-05-04 02:12:28'),
(64, 'App\\Models\\User', 32, 'user-token', '98aff2d878a46d4cfe38e44dc0cbb070599c29095e9dffad2fef034eca083c93', '[\"*\"]', NULL, NULL, '2024-05-04 02:17:49', '2024-05-04 02:17:49'),
(144, 'App\\Models\\User', 7, 'user-token', '415241ff0ee0d0181455aa9462681053eacc113c38fb2d4742fc14975cbdab21', '[\"*\"]', NULL, NULL, '2024-05-30 04:21:08', '2024-05-30 04:21:08'),
(152, 'App\\Models\\User', 1, 'user-token', '65a9cf447fc9ed0c1694bdfca6955b773eda3837c3e4d4cfdaee15bbec430118', '[\"*\"]', '2024-05-30 14:49:35', NULL, '2024-05-30 14:44:27', '2024-05-30 14:49:35'),
(161, 'App\\Models\\User', 33, 'user-token', 'c38145b5d95ce81becb680cec53a7572d8ed616e7f74ea6a4e402a6bdc6042e7', '[\"*\"]', NULL, NULL, '2024-05-31 09:02:58', '2024-05-31 09:02:58'),
(164, 'App\\Models\\User', 34, 'user-token', '4db24295490189b82398feebf7db1b399eb7bb7f43be6ac893be4065db86aabb', '[\"*\"]', NULL, NULL, '2024-05-31 09:32:24', '2024-05-31 09:32:24'),
(184, 'App\\Models\\User', 44, 'user-token', '10c59644aa868b55fc53723cd6815cf7b88238ec06097b7dc1fd4f06c6052fc7', '[\"*\"]', '2024-06-02 11:59:31', NULL, '2024-06-02 11:49:47', '2024-06-02 11:59:31'),
(200, 'App\\Models\\User', 12, 'user-token', '82b22135ef4a997742136a627dd9fe0d71f539151217197d2ce4f991e87f06b4', '[\"*\"]', '2024-06-06 09:42:49', NULL, '2024-06-06 09:42:28', '2024-06-06 09:42:49'),
(254, 'App\\Models\\User', 36, 'user-token', '81ecf84010c167d93fe3db562780fe025067c312137a3fc570c83b18896f7a01', '[\"*\"]', NULL, NULL, '2024-06-22 02:33:54', '2024-06-22 02:33:54'),
(260, 'App\\Models\\User', 45, 'user-token', 'eaf71bcb3c7b9fc0888d2a49656c1ce50c8676d1221452c70cf583fa5b984db6', '[\"*\"]', '2024-06-24 10:11:42', NULL, '2024-06-24 10:06:42', '2024-06-24 10:11:42'),
(278, 'App\\Models\\User', 39, 'user-token', 'b4943fbe7237963849cfcfec95d8c44d76a25f643a6c70dd1cce7273f9ff7aac', '[\"*\"]', NULL, NULL, '2024-07-05 12:51:32', '2024-07-05 12:51:32'),
(282, 'App\\Models\\User', 5, 'user-token', '4d0657aa9fc8c56cb5c39e41776741096ac68dc71a340e4e741f8fd3c3190b19', '[\"*\"]', '2024-07-11 23:51:44', NULL, '2024-07-11 23:27:11', '2024-07-11 23:51:44'),
(283, 'App\\Models\\User', 35, 'user-token', 'f111ea538615719e4a8cbf77a63a3faa602052d265d296883e8c98bedff7a8f8', '[\"*\"]', '2024-07-21 20:48:26', NULL, '2024-07-21 20:40:10', '2024-07-21 20:48:26');

-- --------------------------------------------------------

--
-- Table structure for table `posts`
--

CREATE TABLE `posts` (
  `id` bigint(20) UNSIGNED NOT NULL,
  `title` varchar(255) NOT NULL,
  `description` varchar(1500) NOT NULL,
  `post_image` varchar(255) DEFAULT NULL,
  `post_type` int(11) NOT NULL,
  `group_id` int(11) DEFAULT NULL,
  `user_id` int(11) NOT NULL,
  `created_at` timestamp NULL DEFAULT NULL,
  `updated_at` timestamp NULL DEFAULT NULL
) ENGINE=InnoDB DEFAULT CHARSET=utf8mb4 COLLATE=utf8mb4_unicode_ci;

--
-- Dumping data for table `posts`
--

INSERT INTO `posts` (`id`, `title`, `description`, `post_image`, `post_type`, `group_id`, `user_id`, `created_at`, `updated_at`) VALUES
(9, 'testing purpose', 'TRAYO', 'Files/PosterIMages/img_665083109d1a9.webp', 1, NULL, 5, '2024-05-24 16:07:44', '2024-05-24 16:07:44'),
(10, 'Wamama wajasiriamali wakutana pamoja jijini dodoma', 'KIKAO CHA WAMAM WAJASIRIAMALI DODOMA', 'Files/PosterIMages/img_665088afec9f1.webp', 5, 15, 12, '2024-05-24 16:31:43', '2024-05-24 16:31:43'),
(11, 'vijana jijini dar es salaam waamka kuhamasisha usawa wa kijinsia', 'vijana katika kuimarisha usawa wa kijinsia', 'Files/PosterIMages/img_6654731e17798.webp', 1, 4, 8, '2024-05-27 15:48:46', '2024-05-27 15:48:46'),
(12, 'Waziri secta ya jinsia na watoto asisitiza namna nzuri ya kuongeza kipato kwa wamama', 'MJADALA JUU YA UONGEZAJI KIPATO', 'Files/PosterIMages/img_66586810bef12.webp', 1, 15, 5, '2024-05-30 15:50:40', '2024-05-30 15:50:40'),
(13, 'wmama wafanya biashara jijini mwanza wakutana kujadili changamoto zinazoikumba jamii', 'umoja wa akina mama wafanya biashara', 'Files/PosterIMages/img_665da84da72b8.webp', 1, NULL, 5, '2024-06-03 15:26:05', '2024-06-03 15:26:05'),
(14, 'UMOJA WA MABINTI WAJASIRIAMALI BAGAMOYO', 'MWB wamekutana hivi leo katika ukumbi pendwa wa mjini bagamoyo kujadili masuala ya uboreshaji na ushiriki katika majukumu ya kitaifa', 'Files/PosterIMages/img_665f50de15368.webp', 1, 15, 5, '2024-06-04 21:37:34', '2024-06-04 21:37:34'),
(15, 'UWAJIBIKAJI KATIKA KAZI BILA KUJALI JINSIA', 'wamama na mabinti wanaweza pia kushiriki katika kazi za maendeleo bila ubaguzi na kua sababu ya maendeleo katika jamii', 'Files/PosterIMages/img_666145bb3870c.webp', 1, 15, 5, '2024-06-06 09:14:35', '2024-06-06 09:14:35'),
(16, 'MADHARA YA NDOA ZA UTOTONI KATIKA UCHUMI WA TAIFA', 'Wadau wa kamati ya kupambana na kusisitiza usawa JINSIA wamekutaba na mwenye kitu wa dawati la jinsia kujadili juu ya MADHARA ya ndoa za utotoni katika UCHUMI WA TAIFA la Tanzania', 'Files/PosterIMages/img_66741b25b0e5a.webp', 1, NULL, 35, '2024-06-20 16:05:57', '2024-06-20 16:05:57');

-- --------------------------------------------------------

--
-- Table structure for table `post_types`
--

CREATE TABLE `post_types` (
  `id` bigint(20) UNSIGNED NOT NULL,
  `P_type` varchar(255) NOT NULL
) ENGINE=InnoDB DEFAULT CHARSET=utf8mb4 COLLATE=utf8mb4_unicode_ci;

-- --------------------------------------------------------

--
-- Table structure for table `replies`
--

CREATE TABLE `replies` (
  `id` bigint(20) UNSIGNED NOT NULL,
  `message` varchar(1500) NOT NULL,
  `user_id` int(11) NOT NULL,
  `comment_id` int(11) NOT NULL,
  `created_at` timestamp NULL DEFAULT NULL,
  `updated_at` timestamp NULL DEFAULT NULL
) ENGINE=InnoDB DEFAULT CHARSET=utf8mb4 COLLATE=utf8mb4_unicode_ci;

--
-- Dumping data for table `replies`
--

INSERT INTO `replies` (`id`, `message`, `user_id`, `comment_id`, `created_at`, `updated_at`) VALUES
(1, 'wadau, mnaonaje maendeleo ya mfumo huu?', 2, 2, '2024-04-22 16:28:55', '2024-04-22 16:28:55'),
(2, 'naomba ufafanuzi zaidi juu ya hli suala', 2, 1, '2024-04-22 16:29:25', '2024-04-22 16:29:25'),
(3, 'nasikia mama amesema wakiongeza juhudi watanunuliwa njiwa', 39, 15, '2024-06-21 13:59:16', '2024-06-21 13:59:16'),
(4, 'kwahiyo umeelewa?  🤔', 5, 18, '2024-06-21 22:53:05', '2024-06-21 22:53:05'),
(5, 'kwahiyo umeelewa?  🤔', 5, 18, '2024-06-21 22:53:20', '2024-06-21 22:53:20'),
(6, 'kwahiyo umeelewa?  🤔', 5, 18, '2024-06-21 22:54:37', '2024-06-21 22:54:37'),
(7, '🙌', 5, 9, '2024-06-21 22:55:44', '2024-06-21 22:55:44'),
(8, 'dar tutafike hivi punde', 39, 20, '2024-06-21 23:03:17', '2024-06-21 23:03:17'),
(9, 'i cant believe for sure', 39, 17, '2024-06-22 01:29:09', '2024-06-22 01:29:09');

-- --------------------------------------------------------

--
-- Table structure for table `users`
--

CREATE TABLE `users` (
  `id` bigint(20) UNSIGNED NOT NULL,
  `first_name` varchar(255) NOT NULL,
  `last_name` varchar(255) NOT NULL,
  `gender` varchar(15) NOT NULL,
  `phone` varchar(255) NOT NULL,
  `email` varchar(255) NOT NULL,
  `password` varchar(255) NOT NULL,
  `photo` varchar(255) DEFAULT NULL,
  `user_type` varchar(255) DEFAULT NULL,
  `email_verified_at` timestamp NULL DEFAULT NULL,
  `remember_token` varchar(100) DEFAULT NULL,
  `created_at` timestamp NULL DEFAULT NULL,
  `updated_at` timestamp NULL DEFAULT NULL
) ENGINE=InnoDB DEFAULT CHARSET=utf8mb4 COLLATE=utf8mb4_unicode_ci;

--
-- Dumping data for table `users`
--

INSERT INTO `users` (`id`, `first_name`, `last_name`, `gender`, `phone`, `email`, `password`, `photo`, `user_type`, `email_verified_at`, `remember_token`, `created_at`, `updated_at`) VALUES
(1, 'mussa', 'aron', '', '0745450433', 'mussa@gmail.com', '$2y$12$z0f3PYv0pBTUPCjz0a4JvOs91AU7noY8xDxRtIJnx0uZKugsw3zW2', 'Files/profile_photo/img_6626564f73b54.webp', '2', NULL, NULL, '2024-04-22 16:21:35', '2024-05-28 11:45:04'),
(2, 'recho', 'aron', '', '0785450433', 'recho@gmail.com', '$2y$12$J4VByqpZH4VDCLJxxC7H9.w4medWYJKkDR1stRJcKN2RBH9e3m93C', 'Files/profile_photo/img_662656932fbc0.webp', '3', NULL, NULL, '2024-04-22 16:22:43', '2024-04-22 16:22:43'),
(5, 'tina', 'shacos', '', '0612783490', 'tina@gmail.com', '$2y$12$BLe/L./5Ytys0jgRnbrb6Ob1Y0F3.huQkwSiBF/csFPRGJEhVSoR6', 'Files/profile_photo/img_6629384ad5bf8.webp', '2', NULL, NULL, '2024-04-24 20:50:18', '2024-05-30 03:22:26'),
(6, 'omary', 'said', '', '0612783100', 'omary@gmail.com', '$2y$12$Tnmc8hEkKt9XgTtevEw8b.i1RMBJqz46dzT1ISU8ECXhC2fgfXc5q', 'Files/profile_photo/img_66293a0980ab7.webp', '3', NULL, NULL, '2024-04-24 20:57:45', '2024-04-24 20:57:45'),
(7, 'amos', 'salawa', '', '0612733100', 'amos@gmail.com', '$2y$12$KdnGY7pt9tP7NYimLHVTNeHMRo/SloHjsYh/jWqmueTRiv75lYCn.', 'Files/profile_photo/img_66293c35b8596.webp', '3', NULL, NULL, '2024-04-24 21:07:01', '2024-04-24 21:07:01'),
(8, 'gbce', 'gbce', '', '0713074067', 'gbceadmin@gmail.com', '$2y$12$6OK88/fZyoXqr1KVuBxpee/0yXd8zKoRBnH3iLhzhIi5DlFMURSdW', NULL, '3', NULL, NULL, '2024-04-25 12:32:43', '2024-04-25 12:32:43'),
(11, 'nyelu', 'mwamkinga', '', '0688234678', 'nyelu@gmail.com', '$2y$12$2VL93/sLEpg2ekjFywT2meBHb7BzHm0I81wCBrDS365yDfoAgHgLu', 'Files/profile_photo/img_6630e5417501e.webp', '2', NULL, NULL, '2024-04-30 16:34:09', '2024-04-30 16:34:09'),
(12, 'uhuru', 'kenyata', '', '0678346721', 'uhuru@gmail.com', '$2y$12$4UUxMj.4QTDkD/2Bj0Xxvux.zEF61vX0/pe1pKEvG2UrHFzC8zm/m', 'Files/profile_photo/img_6630eb4ac5eb2.webp', '2', NULL, NULL, '2024-04-30 16:59:54', '2024-04-30 16:59:54'),
(13, 'no image', 'no image', '', '078898346712', 'no@gmail.com', '$2y$12$plnbpUzevMdmis33al0kf.wgvxiW2qv60ecActr8U0itPICqEowDq', 'Files/profile_photo/img_6630ef9593a63.webp', '2', NULL, NULL, '2024-04-30 17:18:13', '2024-04-30 17:18:13'),
(20, 'evarist', 'aroniii', '', '0688907823', 'eva@gmail.com', '$2y$12$XZ7rFXBdycfeHo39CBRW7uBKgLGkMDFPspAH27dVGkoJLGfHvQZVy', 'Files/profile_photo/img_6631058a8ace3.webp', '1', NULL, NULL, '2024-04-30 18:51:54', '2024-04-30 18:51:54'),
(27, 'sabina', 'kidiku', '', '0788904562', 'sabina@gmail.com', '$2y$12$hJTAXmvgBS3k1bTMPev4fe.8lJj64LZTeGwF0gTFjFPXaCCpuWyYu', 'Files/profile_photo/img_6631599b410d5.webp', '2', NULL, NULL, '2024-05-01 00:50:35', '2024-05-01 00:50:35'),
(28, 'petro', 'peter', '', '078898764532', 'peter@gmail.com', '$2y$12$4SeGdKVUsJn8umn1V2WEEOYH3tAt09Wz292b.euKzMpKgfF5Ll2qq', 'Files/profile_photo/img_66316b2844503.webp', '2', NULL, NULL, '2024-05-01 02:05:28', '2024-05-01 02:05:28'),
(30, 'mwilole', 'joseph', 'male', '0785429433', 'mwilole@gmail.com', '$2y$12$5jtrLEl3HsRxfyA2kALFjOMp6CcIfRaAoVhAkANkdM1o55VgpbWJO', 'Files/profile_photo/img_66355cda22979.webp', '2', NULL, NULL, '2024-05-04 01:53:30', '2024-05-04 01:53:30'),
(31, 'manase', 'daudi', 'male', '0688973452', 'manase@gmail.com', '$2y$12$xBvF88ywx7ot0/tB/y19c.t99QDUL06sJmC8aW6pNZ23EvdAme0.u', 'Files/profile_photo/img_6635614c6a48a.webp', '3', NULL, NULL, '2024-05-04 02:12:28', '2024-05-04 02:12:28'),
(32, 'marium', 'anthony', 'female', '0789675412', 'marium@gmail.com', '$2y$12$e10UzNa7UIjeCQzXarJRluUnISJSEgH0FnTya.0lhOYf3HXVz1Ol.', 'Files/profile_photo/img_6635628d8ae0c.webp', '2', NULL, NULL, '2024-05-04 02:17:49', '2024-05-04 02:17:49'),
(35, 'wankyo', 'mwita', 'female', '0788964532', 'wankyo@gmail.com', '$2y$12$KByDcPXrld5rGQDgLsn1KOd/4dIx/VrzU0hidKnRRj0wwpFRkzQK.', 'Files/profile_photo/img_6659631366193.webp', '3', NULL, NULL, '2024-05-31 09:41:39', '2024-06-22 16:28:51'),
(36, 'agatha', 'mkenge', 'female', '0788675421', 'agatha@gmail.com', '$2y$12$dM99mThhHkHoR0ZMeaFdCeP7lM61xsZsTqDtmSIu.pIl9Mk4C73jS', 'Files/profile_photo/img_665965270dc74.webp', '3', NULL, NULL, '2024-05-31 09:50:31', '2024-05-31 09:50:31'),
(37, 'maina', 'mwakasege', 'male', '0788675431', 'maina@gmail.com', '$2y$12$hT1Gplw2Ka4hm0RU3yNI9OrTkLSkLWBETVKvizP60u9OASjaRwZyC', 'Files/profile_photo/img_665966fcda11a.webp', '3', NULL, NULL, '2024-05-31 09:58:20', '2024-05-31 09:58:20'),
(39, 'juma', 'jaribio', 'male', '0677551341', 'juma@gmail.com', '$2y$12$Y1g30ZZNSHvmwa6qTAJCR.7oCBxiY1Vc0HDb1X9l2kXccWdw0Qm7.', 'Files/profile_photo/img_66596b4842fad.webp', '3', NULL, NULL, '2024-05-31 10:16:40', '2024-07-05 11:26:43'),
(40, 'alex', 'jaribio', 'male', '0677551347', 'alex@gmail.com', '$2y$12$qDp/bPyrYaklXZI0cAZ90.BT2RSuscUVMpsBtUs5lXsm4g4ydGXwu', 'Files/profile_photo/img_66596cb962186.webp', '3', NULL, NULL, '2024-05-31 10:22:49', '2024-05-31 10:22:49'),
(41, 'gidion', 'nyamu', 'male', '0788653421', 'gidion@gmail.com', '$2y$12$a1TSkkXWWA9DxhucsJIboeUwAXm6Qx9rRJ9N9eTh3MJWzmH3fGSou', 'Files/profile_photo/img_66596e8d70c2c.webp', '3', NULL, NULL, '2024-05-31 10:30:37', '2024-05-31 10:30:37'),
(43, 'elizabeth', 'mlawa', 'female', '0612345678', 'elizabeth@gmail.com', '$2y$12$owyL0f/TS1Une3bPGwRBHOuChwdFds8lqaF5RBCl4CqOvvcnLxpDG', 'Files/profile_photo/img_6659ce4865a04.webp', '3', NULL, NULL, '2024-05-31 17:19:04', '2024-05-31 17:19:04'),
(44, 'lizzie', 'Bossie', 'female', '0793729226', 'bossie@gmail.com', '$2y$12$rJ.rdAR3WKU1DiTzUXvSPuibB.iJHl5YsAQRFuTlqGhdkyothLspy', 'Files/profile_photo/img_665c241b8511f.webp', '2', NULL, NULL, '2024-06-02 11:49:47', '2024-06-02 11:52:51'),
(45, 'Benard', 'Aron', 'male', '0616643260', 'benardmussa170@gmail.com', '$2y$12$OZFuDA/2YcMyTNXjJQiZguEHi0aejuc7lgpwiPQZ7.d68kgz8geaG', 'Files/profile_photo/img_66790ca240458.webp', '3', NULL, NULL, '2024-06-24 10:05:22', '2024-06-28 12:40:12'),
(46, 'jenipher', 'aron', 'female', '0788654318', 'jenipher@gmail.com', '$2y$12$z.bZdQbMLrWAiBtliuD8cuvsPwGt51tnudwDFzGdHaZWz22OaKHo.', NULL, '3', NULL, NULL, '2024-07-05 02:38:26', '2024-07-05 02:38:26'),
(47, 'adam', 'mhanga', 'male', '0677564389', 'adam@gmail.com', '$2y$12$KYo39k5WExfjCN0hkd4yV.hXQWrEAvrKEXE1gbf0YSm5zUCxjTybG', 'Files/profile_photo/img_668725c4e28dc.webp', '3', NULL, NULL, '2024-07-05 02:44:20', '2024-07-05 02:44:20');

-- --------------------------------------------------------

--
-- Table structure for table `user_types`
--

CREATE TABLE `user_types` (
  `id` bigint(20) UNSIGNED NOT NULL,
  `type` varchar(255) NOT NULL
) ENGINE=InnoDB DEFAULT CHARSET=utf8mb4 COLLATE=utf8mb4_unicode_ci;

--
-- Dumping data for table `user_types`
--

INSERT INTO `user_types` (`id`, `type`) VALUES
(1, 'admin'),
(2, 'advocacy_group'),
(3, 'community');

--
-- Indexes for dumped tables
--

--
-- Indexes for table `admins`
--
ALTER TABLE `admins`
  ADD PRIMARY KEY (`id`);

--
-- Indexes for table `bookings`
--
ALTER TABLE `bookings`
  ADD PRIMARY KEY (`id`);

--
-- Indexes for table `comments`
--
ALTER TABLE `comments`
  ADD PRIMARY KEY (`id`);

--
-- Indexes for table `events`
--
ALTER TABLE `events`
  ADD PRIMARY KEY (`id`);

--
-- Indexes for table `failed_jobs`
--
ALTER TABLE `failed_jobs`
  ADD PRIMARY KEY (`id`),
  ADD UNIQUE KEY `failed_jobs_uuid_unique` (`uuid`);

--
-- Indexes for table `feedbacs`
--
ALTER TABLE `feedbacs`
  ADD PRIMARY KEY (`id`);

--
-- Indexes for table `groups`
--
ALTER TABLE `groups`
  ADD PRIMARY KEY (`id`);

--
-- Indexes for table `group_members`
--
ALTER TABLE `group_members`
  ADD PRIMARY KEY (`id`);

--
-- Indexes for table `insights`
--
ALTER TABLE `insights`
  ADD PRIMARY KEY (`id`);

--
-- Indexes for table `likes`
--
ALTER TABLE `likes`
  ADD PRIMARY KEY (`id`);

--
-- Indexes for table `migrations`
--
ALTER TABLE `migrations`
  ADD PRIMARY KEY (`id`);

--
-- Indexes for table `password_reset_tokens`
--
ALTER TABLE `password_reset_tokens`
  ADD PRIMARY KEY (`id`);

--
-- Indexes for table `personal_access_tokens`
--
ALTER TABLE `personal_access_tokens`
  ADD PRIMARY KEY (`id`),
  ADD UNIQUE KEY `personal_access_tokens_token_unique` (`token`),
  ADD KEY `personal_access_tokens_tokenable_type_tokenable_id_index` (`tokenable_type`,`tokenable_id`);

--
-- Indexes for table `posts`
--
ALTER TABLE `posts`
  ADD PRIMARY KEY (`id`);

--
-- Indexes for table `post_types`
--
ALTER TABLE `post_types`
  ADD PRIMARY KEY (`id`);

--
-- Indexes for table `replies`
--
ALTER TABLE `replies`
  ADD PRIMARY KEY (`id`);

--
-- Indexes for table `users`
--
ALTER TABLE `users`
  ADD PRIMARY KEY (`id`),
  ADD UNIQUE KEY `users_email_unique` (`email`);

--
-- Indexes for table `user_types`
--
ALTER TABLE `user_types`
  ADD PRIMARY KEY (`id`);

--
-- AUTO_INCREMENT for dumped tables
--

--
-- AUTO_INCREMENT for table `admins`
--
ALTER TABLE `admins`
  MODIFY `id` bigint(20) UNSIGNED NOT NULL AUTO_INCREMENT, AUTO_INCREMENT=16;

--
-- AUTO_INCREMENT for table `bookings`
--
ALTER TABLE `bookings`
  MODIFY `id` bigint(20) UNSIGNED NOT NULL AUTO_INCREMENT, AUTO_INCREMENT=543;

--
-- AUTO_INCREMENT for table `comments`
--
ALTER TABLE `comments`
  MODIFY `id` bigint(20) UNSIGNED NOT NULL AUTO_INCREMENT, AUTO_INCREMENT=21;

--
-- AUTO_INCREMENT for table `events`
--
ALTER TABLE `events`
  MODIFY `id` bigint(20) UNSIGNED NOT NULL AUTO_INCREMENT, AUTO_INCREMENT=14;

--
-- AUTO_INCREMENT for table `failed_jobs`
--
ALTER TABLE `failed_jobs`
  MODIFY `id` bigint(20) UNSIGNED NOT NULL AUTO_INCREMENT;

--
-- AUTO_INCREMENT for table `feedbacs`
--
ALTER TABLE `feedbacs`
  MODIFY `id` bigint(20) UNSIGNED NOT NULL AUTO_INCREMENT, AUTO_INCREMENT=11;

--
-- AUTO_INCREMENT for table `groups`
--
ALTER TABLE `groups`
  MODIFY `id` bigint(20) UNSIGNED NOT NULL AUTO_INCREMENT, AUTO_INCREMENT=17;

--
-- AUTO_INCREMENT for table `group_members`
--
ALTER TABLE `group_members`
  MODIFY `id` bigint(20) UNSIGNED NOT NULL AUTO_INCREMENT, AUTO_INCREMENT=26;

--
-- AUTO_INCREMENT for table `insights`
--
ALTER TABLE `insights`
  MODIFY `id` bigint(20) UNSIGNED NOT NULL AUTO_INCREMENT, AUTO_INCREMENT=9;

--
-- AUTO_INCREMENT for table `likes`
--
ALTER TABLE `likes`
  MODIFY `id` bigint(20) UNSIGNED NOT NULL AUTO_INCREMENT, AUTO_INCREMENT=29;

--
-- AUTO_INCREMENT for table `migrations`
--
ALTER TABLE `migrations`
  MODIFY `id` int(10) UNSIGNED NOT NULL AUTO_INCREMENT, AUTO_INCREMENT=62;

--
-- AUTO_INCREMENT for table `password_reset_tokens`
--
ALTER TABLE `password_reset_tokens`
  MODIFY `id` int(11) NOT NULL AUTO_INCREMENT, AUTO_INCREMENT=14;

--
-- AUTO_INCREMENT for table `personal_access_tokens`
--
ALTER TABLE `personal_access_tokens`
  MODIFY `id` bigint(20) UNSIGNED NOT NULL AUTO_INCREMENT, AUTO_INCREMENT=284;

--
-- AUTO_INCREMENT for table `posts`
--
ALTER TABLE `posts`
  MODIFY `id` bigint(20) UNSIGNED NOT NULL AUTO_INCREMENT, AUTO_INCREMENT=17;

--
-- AUTO_INCREMENT for table `post_types`
--
ALTER TABLE `post_types`
  MODIFY `id` bigint(20) UNSIGNED NOT NULL AUTO_INCREMENT;

--
-- AUTO_INCREMENT for table `replies`
--
ALTER TABLE `replies`
  MODIFY `id` bigint(20) UNSIGNED NOT NULL AUTO_INCREMENT, AUTO_INCREMENT=10;

--
-- AUTO_INCREMENT for table `users`
--
ALTER TABLE `users`
  MODIFY `id` bigint(20) UNSIGNED NOT NULL AUTO_INCREMENT, AUTO_INCREMENT=48;

--
-- AUTO_INCREMENT for table `user_types`
--
ALTER TABLE `user_types`
  MODIFY `id` bigint(20) UNSIGNED NOT NULL AUTO_INCREMENT, AUTO_INCREMENT=4;
COMMIT;

/*!40101 SET CHARACTER_SET_CLIENT=@OLD_CHARACTER_SET_CLIENT */;
/*!40101 SET CHARACTER_SET_RESULTS=@OLD_CHARACTER_SET_RESULTS */;
/*!40101 SET COLLATION_CONNECTION=@OLD_COLLATION_CONNECTION */;
